0,0,1,0,1,1,Hb,Ch_1_Time_1_Phase_0_Freq_0
3.1416,1.2246e-16,-1,0,2,1,Hb,Ch_1_Time_2_Phase_3.1416_Freq_0
3.1416,1.2246e-16,-1,0,3,1,Hb,Ch_1_Time_3_Phase_3.1416_Freq_0
0,0,1,0,4,1,Hb,Ch_1_Time_4_Phase_0_Freq_0
0,0,1,0,5,1,Hb,Ch_1_Time_5_Phase_0_Freq_0
0,0,1,0,6,1,Hb,Ch_1_Time_6_Phase_0_Freq_0
0,0,1,0,7,1,Hb,Ch_1_Time_7_Phase_0_Freq_0
0,0,1,0,8,1,Hb,Ch_1_Time_8_Phase_0_Freq_0
0,0,1,0,9,1,Hb,Ch_1_Time_9_Phase_0_Freq_0
0,0,1,0,10,1,Hb,Ch_1_Time_10_Phase_0_Freq_0
0,0,1,0,11,1,Hb,Ch_1_Time_11_Phase_0_Freq_0
0,0,1,0,12,1,Hb,Ch_1_Time_12_Phase_0_Freq_0
0,0,1,0,13,1,Hb,Ch_1_Time_13_Phase_0_Freq_0
0,0,1,0,14,1,Hb,Ch_1_Time_14_Phase_0_Freq_0
0,0,1,0,15,1,Hb,Ch_1_Time_15_Phase_0_Freq_0
0,0,1,0,16,1,Hb,Ch_1_Time_16_Phase_0_Freq_0
0,0,1,0,17,1,Hb,Ch_1_Time_17_Phase_0_Freq_0
0,0,1,0,18,1,Hb,Ch_1_Time_18_Phase_0_Freq_0
0,0,1,0,19,1,Hb,Ch_1_Time_19_Phase_0_Freq_0
0,0,1,0,20,1,Hb,Ch_1_Time_20_Phase_0_Freq_0
0,0,1,0,21,1,Hb,Ch_1_Time_21_Phase_0_Freq_0
0,0,1,0,22,1,Hb,Ch_1_Time_22_Phase_0_Freq_0
0,0,1,0,23,1,Hb,Ch_1_Time_23_Phase_0_Freq_0
0,0,1,0,24,1,Hb,Ch_1_Time_24_Phase_0_Freq_0
0,0,1,0,25,1,Hb,Ch_1_Time_25_Phase_0_Freq_0
0,0,1,0,26,1,Hb,Ch_1_Time_26_Phase_0_Freq_0
0,0,1,0,27,1,Hb,Ch_1_Time_27_Phase_0_Freq_0
0,0,1,0,28,1,Hb,Ch_1_Time_28_Phase_0_Freq_0
0,0,1,0,29,1,Hb,Ch_1_Time_29_Phase_0_Freq_0
0,0,1,0,30,1,Hb,Ch_1_Time_30_Phase_0_Freq_0
0,0,1,0,31,1,Hb,Ch_1_Time_31_Phase_0_Freq_0
3.1416,1.2246e-16,-1,0,32,1,Hb,Ch_1_Time_32_Phase_3.1416_Freq_0
3.1416,1.2246e-16,-1,0,33,1,Hb,Ch_1_Time_33_Phase_3.1416_Freq_0
0,0,1,0,34,1,Hb,Ch_1_Time_34_Phase_0_Freq_0
0,0,1,0,35,1,Hb,Ch_1_Time_35_Phase_0_Freq_0
0,0,1,0,36,1,Hb,Ch_1_Time_36_Phase_0_Freq_0
0,0,1,0,37,1,Hb,Ch_1_Time_37_Phase_0_Freq_0
0,0,1,0,38,1,Hb,Ch_1_Time_38_Phase_0_Freq_0
0,0,1,0,39,1,Hb,Ch_1_Time_39_Phase_0_Freq_0
0,0,1,0,40,1,Hb,Ch_1_Time_40_Phase_0_Freq_0
0,0,1,0,41,1,Hb,Ch_1_Time_41_Phase_0_Freq_0
0,0,1,0,42,1,Hb,Ch_1_Time_42_Phase_0_Freq_0
0,0,1,0,43,1,Hb,Ch_1_Time_43_Phase_0_Freq_0
0,0,1,0,44,1,Hb,Ch_1_Time_44_Phase_0_Freq_0
0,0,1,0,45,1,Hb,Ch_1_Time_45_Phase_0_Freq_0
0,0,1,0,46,1,Hb,Ch_1_Time_46_Phase_0_Freq_0
0,0,1,0,47,1,Hb,Ch_1_Time_47_Phase_0_Freq_0
0,0,1,0,48,1,Hb,Ch_1_Time_48_Phase_0_Freq_0
0,0,1,0,49,1,Hb,Ch_1_Time_49_Phase_0_Freq_0
0,0,1,0,50,1,Hb,Ch_1_Time_50_Phase_0_Freq_0
0,0,1,0,51,1,Hb,Ch_1_Time_51_Phase_0_Freq_0
0,0,1,0,52,1,Hb,Ch_1_Time_52_Phase_0_Freq_0
0,0,1,0,53,1,Hb,Ch_1_Time_53_Phase_0_Freq_0
0,0,1,0,54,1,Hb,Ch_1_Time_54_Phase_0_Freq_0
0,0,1,0,55,1,Hb,Ch_1_Time_55_Phase_0_Freq_0
0,0,1,0,56,1,Hb,Ch_1_Time_56_Phase_0_Freq_0
0,0,1,0,57,1,Hb,Ch_1_Time_57_Phase_0_Freq_0
0,0,1,0,58,1,Hb,Ch_1_Time_58_Phase_0_Freq_0
0,0,1,0,59,1,Hb,Ch_1_Time_59_Phase_0_Freq_0
0,0,1,0,60,1,Hb,Ch_1_Time_60_Phase_0_Freq_0
0,0,1,0,1,2,Hb,Ch_2_Time_1_Phase_0_Freq_0
0,0,1,0,2,2,Hb,Ch_2_Time_2_Phase_0_Freq_0
0,0,1,0,3,2,Hb,Ch_2_Time_3_Phase_0_Freq_0
0,0,1,0,4,2,Hb,Ch_2_Time_4_Phase_0_Freq_0
0,0,1,0,5,2,Hb,Ch_2_Time_5_Phase_0_Freq_0
0,0,1,0,6,2,Hb,Ch_2_Time_6_Phase_0_Freq_0
0,0,1,0,7,2,Hb,Ch_2_Time_7_Phase_0_Freq_0
0,0,1,0,8,2,Hb,Ch_2_Time_8_Phase_0_Freq_0
0,0,1,0,9,2,Hb,Ch_2_Time_9_Phase_0_Freq_0
0,0,1,0,10,2,Hb,Ch_2_Time_10_Phase_0_Freq_0
0,0,1,0,11,2,Hb,Ch_2_Time_11_Phase_0_Freq_0
0,0,1,0,12,2,Hb,Ch_2_Time_12_Phase_0_Freq_0
0,0,1,0,13,2,Hb,Ch_2_Time_13_Phase_0_Freq_0
0,0,1,0,14,2,Hb,Ch_2_Time_14_Phase_0_Freq_0
0,0,1,0,15,2,Hb,Ch_2_Time_15_Phase_0_Freq_0
0,0,1,0,16,2,Hb,Ch_2_Time_16_Phase_0_Freq_0
0,0,1,0,17,2,Hb,Ch_2_Time_17_Phase_0_Freq_0
0,0,1,0,18,2,Hb,Ch_2_Time_18_Phase_0_Freq_0
0,0,1,0,19,2,Hb,Ch_2_Time_19_Phase_0_Freq_0
0,0,1,0,20,2,Hb,Ch_2_Time_20_Phase_0_Freq_0
0,0,1,0,21,2,Hb,Ch_2_Time_21_Phase_0_Freq_0
0,0,1,0,22,2,Hb,Ch_2_Time_22_Phase_0_Freq_0
0,0,1,0,23,2,Hb,Ch_2_Time_23_Phase_0_Freq_0
0,0,1,0,24,2,Hb,Ch_2_Time_24_Phase_0_Freq_0
0,0,1,0,25,2,Hb,Ch_2_Time_25_Phase_0_Freq_0
0,0,1,0,26,2,Hb,Ch_2_Time_26_Phase_0_Freq_0
0,0,1,0,27,2,Hb,Ch_2_Time_27_Phase_0_Freq_0
0,0,1,0,28,2,Hb,Ch_2_Time_28_Phase_0_Freq_0
0,0,1,0,29,2,Hb,Ch_2_Time_29_Phase_0_Freq_0
0,0,1,0,30,2,Hb,Ch_2_Time_30_Phase_0_Freq_0
0,0,1,0,31,2,Hb,Ch_2_Time_31_Phase_0_Freq_0
0,0,1,0,32,2,Hb,Ch_2_Time_32_Phase_0_Freq_0
0,0,1,0,33,2,Hb,Ch_2_Time_33_Phase_0_Freq_0
0,0,1,0,34,2,Hb,Ch_2_Time_34_Phase_0_Freq_0
0,0,1,0,35,2,Hb,Ch_2_Time_35_Phase_0_Freq_0
0,0,1,0,36,2,Hb,Ch_2_Time_36_Phase_0_Freq_0
0,0,1,0,37,2,Hb,Ch_2_Time_37_Phase_0_Freq_0
0,0,1,0,38,2,Hb,Ch_2_Time_38_Phase_0_Freq_0
0,0,1,0,39,2,Hb,Ch_2_Time_39_Phase_0_Freq_0
0,0,1,0,40,2,Hb,Ch_2_Time_40_Phase_0_Freq_0
0,0,1,0,41,2,Hb,Ch_2_Time_41_Phase_0_Freq_0
0,0,1,0,42,2,Hb,Ch_2_Time_42_Phase_0_Freq_0
0,0,1,0,43,2,Hb,Ch_2_Time_43_Phase_0_Freq_0
0,0,1,0,44,2,Hb,Ch_2_Time_44_Phase_0_Freq_0
0,0,1,0,45,2,Hb,Ch_2_Time_45_Phase_0_Freq_0
0,0,1,0,46,2,Hb,Ch_2_Time_46_Phase_0_Freq_0
0,0,1,0,47,2,Hb,Ch_2_Time_47_Phase_0_Freq_0
0,0,1,0,48,2,Hb,Ch_2_Time_48_Phase_0_Freq_0
0,0,1,0,49,2,Hb,Ch_2_Time_49_Phase_0_Freq_0
0,0,1,0,50,2,Hb,Ch_2_Time_50_Phase_0_Freq_0
0,0,1,0,51,2,Hb,Ch_2_Time_51_Phase_0_Freq_0
0,0,1,0,52,2,Hb,Ch_2_Time_52_Phase_0_Freq_0
0,0,1,0,53,2,Hb,Ch_2_Time_53_Phase_0_Freq_0
0,0,1,0,54,2,Hb,Ch_2_Time_54_Phase_0_Freq_0
0,0,1,0,55,2,Hb,Ch_2_Time_55_Phase_0_Freq_0
0,0,1,0,56,2,Hb,Ch_2_Time_56_Phase_0_Freq_0
0,0,1,0,57,2,Hb,Ch_2_Time_57_Phase_0_Freq_0
0,0,1,0,58,2,Hb,Ch_2_Time_58_Phase_0_Freq_0
0,0,1,0,59,2,Hb,Ch_2_Time_59_Phase_0_Freq_0
0,0,1,0,60,2,Hb,Ch_2_Time_60_Phase_0_Freq_0
0,0,1,0,1,3,Hb,Ch_3_Time_1_Phase_0_Freq_0
0,0,1,0,2,3,Hb,Ch_3_Time_2_Phase_0_Freq_0
3.1416,1.2246e-16,-1,0,3,3,Hb,Ch_3_Time_3_Phase_3.1416_Freq_0
3.1416,1.2246e-16,-1,0,4,3,Hb,Ch_3_Time_4_Phase_3.1416_Freq_0
3.1416,1.2246e-16,-1,0,5,3,Hb,Ch_3_Time_5_Phase_3.1416_Freq_0
3.1416,1.2246e-16,-1,0,6,3,Hb,Ch_3_Time_6_Phase_3.1416_Freq_0
3.1416,1.2246e-16,-1,0,7,3,Hb,Ch_3_Time_7_Phase_3.1416_Freq_0
3.1416,1.2246e-16,-1,0,8,3,Hb,Ch_3_Time_8_Phase_3.1416_Freq_0
3.1416,1.2246e-16,-1,0,9,3,Hb,Ch_3_Time_9_Phase_3.1416_Freq_0
3.1416,1.2246e-16,-1,0,10,3,Hb,Ch_3_Time_10_Phase_3.1416_Freq_0
3.1416,1.2246e-16,-1,0,11,3,Hb,Ch_3_Time_11_Phase_3.1416_Freq_0
3.1416,1.2246e-16,-1,0,12,3,Hb,Ch_3_Time_12_Phase_3.1416_Freq_0
0,0,1,0,13,3,Hb,Ch_3_Time_13_Phase_0_Freq_0
0,0,1,0,14,3,Hb,Ch_3_Time_14_Phase_0_Freq_0
0,0,1,0,15,3,Hb,Ch_3_Time_15_Phase_0_Freq_0
0,0,1,0,16,3,Hb,Ch_3_Time_16_Phase_0_Freq_0
0,0,1,0,17,3,Hb,Ch_3_Time_17_Phase_0_Freq_0
0,0,1,0,18,3,Hb,Ch_3_Time_18_Phase_0_Freq_0
0,0,1,0,19,3,Hb,Ch_3_Time_19_Phase_0_Freq_0
0,0,1,0,20,3,Hb,Ch_3_Time_20_Phase_0_Freq_0
0,0,1,0,21,3,Hb,Ch_3_Time_21_Phase_0_Freq_0
0,0,1,0,22,3,Hb,Ch_3_Time_22_Phase_0_Freq_0
0,0,1,0,23,3,Hb,Ch_3_Time_23_Phase_0_Freq_0
0,0,1,0,24,3,Hb,Ch_3_Time_24_Phase_0_Freq_0
0,0,1,0,25,3,Hb,Ch_3_Time_25_Phase_0_Freq_0
0,0,1,0,26,3,Hb,Ch_3_Time_26_Phase_0_Freq_0
0,0,1,0,27,3,Hb,Ch_3_Time_27_Phase_0_Freq_0
0,0,1,0,28,3,Hb,Ch_3_Time_28_Phase_0_Freq_0
0,0,1,0,29,3,Hb,Ch_3_Time_29_Phase_0_Freq_0
0,0,1,0,30,3,Hb,Ch_3_Time_30_Phase_0_Freq_0
0,0,1,0,31,3,Hb,Ch_3_Time_31_Phase_0_Freq_0
0,0,1,0,32,3,Hb,Ch_3_Time_32_Phase_0_Freq_0
3.1416,1.2246e-16,-1,0,33,3,Hb,Ch_3_Time_33_Phase_3.1416_Freq_0
3.1416,1.2246e-16,-1,0,34,3,Hb,Ch_3_Time_34_Phase_3.1416_Freq_0
3.1416,1.2246e-16,-1,0,35,3,Hb,Ch_3_Time_35_Phase_3.1416_Freq_0
3.1416,1.2246e-16,-1,0,36,3,Hb,Ch_3_Time_36_Phase_3.1416_Freq_0
3.1416,1.2246e-16,-1,0,37,3,Hb,Ch_3_Time_37_Phase_3.1416_Freq_0
3.1416,1.2246e-16,-1,0,38,3,Hb,Ch_3_Time_38_Phase_3.1416_Freq_0
3.1416,1.2246e-16,-1,0,39,3,Hb,Ch_3_Time_39_Phase_3.1416_Freq_0
3.1416,1.2246e-16,-1,0,40,3,Hb,Ch_3_Time_40_Phase_3.1416_Freq_0
3.1416,1.2246e-16,-1,0,41,3,Hb,Ch_3_Time_41_Phase_3.1416_Freq_0
3.1416,1.2246e-16,-1,0,42,3,Hb,Ch_3_Time_42_Phase_3.1416_Freq_0
0,0,1,0,43,3,Hb,Ch_3_Time_43_Phase_0_Freq_0
0,0,1,0,44,3,Hb,Ch_3_Time_44_Phase_0_Freq_0
0,0,1,0,45,3,Hb,Ch_3_Time_45_Phase_0_Freq_0
0,0,1,0,46,3,Hb,Ch_3_Time_46_Phase_0_Freq_0
0,0,1,0,47,3,Hb,Ch_3_Time_47_Phase_0_Freq_0
0,0,1,0,48,3,Hb,Ch_3_Time_48_Phase_0_Freq_0
0,0,1,0,49,3,Hb,Ch_3_Time_49_Phase_0_Freq_0
0,0,1,0,50,3,Hb,Ch_3_Time_50_Phase_0_Freq_0
0,0,1,0,51,3,Hb,Ch_3_Time_51_Phase_0_Freq_0
0,0,1,0,52,3,Hb,Ch_3_Time_52_Phase_0_Freq_0
0,0,1,0,53,3,Hb,Ch_3_Time_53_Phase_0_Freq_0
0,0,1,0,54,3,Hb,Ch_3_Time_54_Phase_0_Freq_0
0,0,1,0,55,3,Hb,Ch_3_Time_55_Phase_0_Freq_0
0,0,1,0,56,3,Hb,Ch_3_Time_56_Phase_0_Freq_0
0,0,1,0,57,3,Hb,Ch_3_Time_57_Phase_0_Freq_0
0,0,1,0,58,3,Hb,Ch_3_Time_58_Phase_0_Freq_0
0,0,1,0,59,3,Hb,Ch_3_Time_59_Phase_0_Freq_0
0,0,1,0,60,3,Hb,Ch_3_Time_60_Phase_0_Freq_0
0,0,1,0,1,4,Hb,Ch_4_Time_1_Phase_0_Freq_0
0,0,1,0,2,4,Hb,Ch_4_Time_2_Phase_0_Freq_0
0,0,1,0,3,4,Hb,Ch_4_Time_3_Phase_0_Freq_0
3.1416,1.2246e-16,-1,0,4,4,Hb,Ch_4_Time_4_Phase_3.1416_Freq_0
3.1416,1.2246e-16,-1,0,5,4,Hb,Ch_4_Time_5_Phase_3.1416_Freq_0
3.1416,1.2246e-16,-1,0,6,4,Hb,Ch_4_Time_6_Phase_3.1416_Freq_0
3.1416,1.2246e-16,-1,0,7,4,Hb,Ch_4_Time_7_Phase_3.1416_Freq_0
3.1416,1.2246e-16,-1,0,8,4,Hb,Ch_4_Time_8_Phase_3.1416_Freq_0
0,0,1,0,9,4,Hb,Ch_4_Time_9_Phase_0_Freq_0
0,0,1,0,10,4,Hb,Ch_4_Time_10_Phase_0_Freq_0
0,0,1,0,11,4,Hb,Ch_4_Time_11_Phase_0_Freq_0
0,0,1,0,12,4,Hb,Ch_4_Time_12_Phase_0_Freq_0
0,0,1,0,13,4,Hb,Ch_4_Time_13_Phase_0_Freq_0
0,0,1,0,14,4,Hb,Ch_4_Time_14_Phase_0_Freq_0
0,0,1,0,15,4,Hb,Ch_4_Time_15_Phase_0_Freq_0
0,0,1,0,16,4,Hb,Ch_4_Time_16_Phase_0_Freq_0
0,0,1,0,17,4,Hb,Ch_4_Time_17_Phase_0_Freq_0
0,0,1,0,18,4,Hb,Ch_4_Time_18_Phase_0_Freq_0
0,0,1,0,19,4,Hb,Ch_4_Time_19_Phase_0_Freq_0
0,0,1,0,20,4,Hb,Ch_4_Time_20_Phase_0_Freq_0
0,0,1,0,21,4,Hb,Ch_4_Time_21_Phase_0_Freq_0
0,0,1,0,22,4,Hb,Ch_4_Time_22_Phase_0_Freq_0
0,0,1,0,23,4,Hb,Ch_4_Time_23_Phase_0_Freq_0
0,0,1,0,24,4,Hb,Ch_4_Time_24_Phase_0_Freq_0
0,0,1,0,25,4,Hb,Ch_4_Time_25_Phase_0_Freq_0
0,0,1,0,26,4,Hb,Ch_4_Time_26_Phase_0_Freq_0
0,0,1,0,27,4,Hb,Ch_4_Time_27_Phase_0_Freq_0
0,0,1,0,28,4,Hb,Ch_4_Time_28_Phase_0_Freq_0
0,0,1,0,29,4,Hb,Ch_4_Time_29_Phase_0_Freq_0
0,0,1,0,30,4,Hb,Ch_4_Time_30_Phase_0_Freq_0
0,0,1,0,31,4,Hb,Ch_4_Time_31_Phase_0_Freq_0
0,0,1,0,32,4,Hb,Ch_4_Time_32_Phase_0_Freq_0
0,0,1,0,33,4,Hb,Ch_4_Time_33_Phase_0_Freq_0
3.1416,1.2246e-16,-1,0,34,4,Hb,Ch_4_Time_34_Phase_3.1416_Freq_0
3.1416,1.2246e-16,-1,0,35,4,Hb,Ch_4_Time_35_Phase_3.1416_Freq_0
3.1416,1.2246e-16,-1,0,36,4,Hb,Ch_4_Time_36_Phase_3.1416_Freq_0
3.1416,1.2246e-16,-1,0,37,4,Hb,Ch_4_Time_37_Phase_3.1416_Freq_0
3.1416,1.2246e-16,-1,0,38,4,Hb,Ch_4_Time_38_Phase_3.1416_Freq_0
0,0,1,0,39,4,Hb,Ch_4_Time_39_Phase_0_Freq_0
0,0,1,0,40,4,Hb,Ch_4_Time_40_Phase_0_Freq_0
0,0,1,0,41,4,Hb,Ch_4_Time_41_Phase_0_Freq_0
0,0,1,0,42,4,Hb,Ch_4_Time_42_Phase_0_Freq_0
0,0,1,0,43,4,Hb,Ch_4_Time_43_Phase_0_Freq_0
0,0,1,0,44,4,Hb,Ch_4_Time_44_Phase_0_Freq_0
0,0,1,0,45,4,Hb,Ch_4_Time_45_Phase_0_Freq_0
0,0,1,0,46,4,Hb,Ch_4_Time_46_Phase_0_Freq_0
0,0,1,0,47,4,Hb,Ch_4_Time_47_Phase_0_Freq_0
0,0,1,0,48,4,Hb,Ch_4_Time_48_Phase_0_Freq_0
0,0,1,0,49,4,Hb,Ch_4_Time_49_Phase_0_Freq_0
0,0,1,0,50,4,Hb,Ch_4_Time_50_Phase_0_Freq_0
0,0,1,0,51,4,Hb,Ch_4_Time_51_Phase_0_Freq_0
0,0,1,0,52,4,Hb,Ch_4_Time_52_Phase_0_Freq_0
0,0,1,0,53,4,Hb,Ch_4_Time_53_Phase_0_Freq_0
0,0,1,0,54,4,Hb,Ch_4_Time_54_Phase_0_Freq_0
0,0,1,0,55,4,Hb,Ch_4_Time_55_Phase_0_Freq_0
0,0,1,0,56,4,Hb,Ch_4_Time_56_Phase_0_Freq_0
0,0,1,0,57,4,Hb,Ch_4_Time_57_Phase_0_Freq_0
0,0,1,0,58,4,Hb,Ch_4_Time_58_Phase_0_Freq_0
0,0,1,0,59,4,Hb,Ch_4_Time_59_Phase_0_Freq_0
0,0,1,0,60,4,Hb,Ch_4_Time_60_Phase_0_Freq_0
0,0,1,0,1,5,Hb,Ch_5_Time_1_Phase_0_Freq_0
0,0,1,0,2,5,Hb,Ch_5_Time_2_Phase_0_Freq_0
3.1416,1.2246e-16,-1,0,3,5,Hb,Ch_5_Time_3_Phase_3.1416_Freq_0
3.1416,1.2246e-16,-1,0,4,5,Hb,Ch_5_Time_4_Phase_3.1416_Freq_0
3.1416,1.2246e-16,-1,0,5,5,Hb,Ch_5_Time_5_Phase_3.1416_Freq_0
3.1416,1.2246e-16,-1,0,6,5,Hb,Ch_5_Time_6_Phase_3.1416_Freq_0
3.1416,1.2246e-16,-1,0,7,5,Hb,Ch_5_Time_7_Phase_3.1416_Freq_0
3.1416,1.2246e-16,-1,0,8,5,Hb,Ch_5_Time_8_Phase_3.1416_Freq_0
3.1416,1.2246e-16,-1,0,9,5,Hb,Ch_5_Time_9_Phase_3.1416_Freq_0
0,0,1,0,10,5,Hb,Ch_5_Time_10_Phase_0_Freq_0
0,0,1,0,11,5,Hb,Ch_5_Time_11_Phase_0_Freq_0
0,0,1,0,12,5,Hb,Ch_5_Time_12_Phase_0_Freq_0
0,0,1,0,13,5,Hb,Ch_5_Time_13_Phase_0_Freq_0
0,0,1,0,14,5,Hb,Ch_5_Time_14_Phase_0_Freq_0
0,0,1,0,15,5,Hb,Ch_5_Time_15_Phase_0_Freq_0
0,0,1,0,16,5,Hb,Ch_5_Time_16_Phase_0_Freq_0
0,0,1,0,17,5,Hb,Ch_5_Time_17_Phase_0_Freq_0
0,0,1,0,18,5,Hb,Ch_5_Time_18_Phase_0_Freq_0
0,0,1,0,19,5,Hb,Ch_5_Time_19_Phase_0_Freq_0
0,0,1,0,20,5,Hb,Ch_5_Time_20_Phase_0_Freq_0
0,0,1,0,21,5,Hb,Ch_5_Time_21_Phase_0_Freq_0
0,0,1,0,22,5,Hb,Ch_5_Time_22_Phase_0_Freq_0
0,0,1,0,23,5,Hb,Ch_5_Time_23_Phase_0_Freq_0
0,0,1,0,24,5,Hb,Ch_5_Time_24_Phase_0_Freq_0
0,0,1,0,25,5,Hb,Ch_5_Time_25_Phase_0_Freq_0
0,0,1,0,26,5,Hb,Ch_5_Time_26_Phase_0_Freq_0
0,0,1,0,27,5,Hb,Ch_5_Time_27_Phase_0_Freq_0
0,0,1,0,28,5,Hb,Ch_5_Time_28_Phase_0_Freq_0
0,0,1,0,29,5,Hb,Ch_5_Time_29_Phase_0_Freq_0
0,0,1,0,30,5,Hb,Ch_5_Time_30_Phase_0_Freq_0
0,0,1,0,31,5,Hb,Ch_5_Time_31_Phase_0_Freq_0
0,0,1,0,32,5,Hb,Ch_5_Time_32_Phase_0_Freq_0
3.1416,1.2246e-16,-1,0,33,5,Hb,Ch_5_Time_33_Phase_3.1416_Freq_0
3.1416,1.2246e-16,-1,0,34,5,Hb,Ch_5_Time_34_Phase_3.1416_Freq_0
3.1416,1.2246e-16,-1,0,35,5,Hb,Ch_5_Time_35_Phase_3.1416_Freq_0
3.1416,1.2246e-16,-1,0,36,5,Hb,Ch_5_Time_36_Phase_3.1416_Freq_0
3.1416,1.2246e-16,-1,0,37,5,Hb,Ch_5_Time_37_Phase_3.1416_Freq_0
3.1416,1.2246e-16,-1,0,38,5,Hb,Ch_5_Time_38_Phase_3.1416_Freq_0
3.1416,1.2246e-16,-1,0,39,5,Hb,Ch_5_Time_39_Phase_3.1416_Freq_0
0,0,1,0,40,5,Hb,Ch_5_Time_40_Phase_0_Freq_0
0,0,1,0,41,5,Hb,Ch_5_Time_41_Phase_0_Freq_0
0,0,1,0,42,5,Hb,Ch_5_Time_42_Phase_0_Freq_0
0,0,1,0,43,5,Hb,Ch_5_Time_43_Phase_0_Freq_0
0,0,1,0,44,5,Hb,Ch_5_Time_44_Phase_0_Freq_0
0,0,1,0,45,5,Hb,Ch_5_Time_45_Phase_0_Freq_0
0,0,1,0,46,5,Hb,Ch_5_Time_46_Phase_0_Freq_0
0,0,1,0,47,5,Hb,Ch_5_Time_47_Phase_0_Freq_0
0,0,1,0,48,5,Hb,Ch_5_Time_48_Phase_0_Freq_0
0,0,1,0,49,5,Hb,Ch_5_Time_49_Phase_0_Freq_0
0,0,1,0,50,5,Hb,Ch_5_Time_50_Phase_0_Freq_0
0,0,1,0,51,5,Hb,Ch_5_Time_51_Phase_0_Freq_0
0,0,1,0,52,5,Hb,Ch_5_Time_52_Phase_0_Freq_0
0,0,1,0,53,5,Hb,Ch_5_Time_53_Phase_0_Freq_0
0,0,1,0,54,5,Hb,Ch_5_Time_54_Phase_0_Freq_0
0,0,1,0,55,5,Hb,Ch_5_Time_55_Phase_0_Freq_0
0,0,1,0,56,5,Hb,Ch_5_Time_56_Phase_0_Freq_0
0,0,1,0,57,5,Hb,Ch_5_Time_57_Phase_0_Freq_0
0,0,1,0,58,5,Hb,Ch_5_Time_58_Phase_0_Freq_0
0,0,1,0,59,5,Hb,Ch_5_Time_59_Phase_0_Freq_0
0,0,1,0,60,5,Hb,Ch_5_Time_60_Phase_0_Freq_0
0,0,1,0,1,6,Hb,Ch_6_Time_1_Phase_0_Freq_0
0,0,1,0,2,6,Hb,Ch_6_Time_2_Phase_0_Freq_0
0,0,1,0,3,6,Hb,Ch_6_Time_3_Phase_0_Freq_0
0,0,1,0,4,6,Hb,Ch_6_Time_4_Phase_0_Freq_0
0,0,1,0,5,6,Hb,Ch_6_Time_5_Phase_0_Freq_0
0,0,1,0,6,6,Hb,Ch_6_Time_6_Phase_0_Freq_0
0,0,1,0,7,6,Hb,Ch_6_Time_7_Phase_0_Freq_0
0,0,1,0,8,6,Hb,Ch_6_Time_8_Phase_0_Freq_0
0,0,1,0,9,6,Hb,Ch_6_Time_9_Phase_0_Freq_0
0,0,1,0,10,6,Hb,Ch_6_Time_10_Phase_0_Freq_0
0,0,1,0,11,6,Hb,Ch_6_Time_11_Phase_0_Freq_0
0,0,1,0,12,6,Hb,Ch_6_Time_12_Phase_0_Freq_0
0,0,1,0,13,6,Hb,Ch_6_Time_13_Phase_0_Freq_0
0,0,1,0,14,6,Hb,Ch_6_Time_14_Phase_0_Freq_0
0,0,1,0,15,6,Hb,Ch_6_Time_15_Phase_0_Freq_0
0,0,1,0,16,6,Hb,Ch_6_Time_16_Phase_0_Freq_0
0,0,1,0,17,6,Hb,Ch_6_Time_17_Phase_0_Freq_0
0,0,1,0,18,6,Hb,Ch_6_Time_18_Phase_0_Freq_0
0,0,1,0,19,6,Hb,Ch_6_Time_19_Phase_0_Freq_0
0,0,1,0,20,6,Hb,Ch_6_Time_20_Phase_0_Freq_0
0,0,1,0,21,6,Hb,Ch_6_Time_21_Phase_0_Freq_0
0,0,1,0,22,6,Hb,Ch_6_Time_22_Phase_0_Freq_0
0,0,1,0,23,6,Hb,Ch_6_Time_23_Phase_0_Freq_0
0,0,1,0,24,6,Hb,Ch_6_Time_24_Phase_0_Freq_0
0,0,1,0,25,6,Hb,Ch_6_Time_25_Phase_0_Freq_0
0,0,1,0,26,6,Hb,Ch_6_Time_26_Phase_0_Freq_0
0,0,1,0,27,6,Hb,Ch_6_Time_27_Phase_0_Freq_0
0,0,1,0,28,6,Hb,Ch_6_Time_28_Phase_0_Freq_0
0,0,1,0,29,6,Hb,Ch_6_Time_29_Phase_0_Freq_0
0,0,1,0,30,6,Hb,Ch_6_Time_30_Phase_0_Freq_0
0,0,1,0,31,6,Hb,Ch_6_Time_31_Phase_0_Freq_0
0,0,1,0,32,6,Hb,Ch_6_Time_32_Phase_0_Freq_0
0,0,1,0,33,6,Hb,Ch_6_Time_33_Phase_0_Freq_0
0,0,1,0,34,6,Hb,Ch_6_Time_34_Phase_0_Freq_0
0,0,1,0,35,6,Hb,Ch_6_Time_35_Phase_0_Freq_0
0,0,1,0,36,6,Hb,Ch_6_Time_36_Phase_0_Freq_0
0,0,1,0,37,6,Hb,Ch_6_Time_37_Phase_0_Freq_0
0,0,1,0,38,6,Hb,Ch_6_Time_38_Phase_0_Freq_0
0,0,1,0,39,6,Hb,Ch_6_Time_39_Phase_0_Freq_0
0,0,1,0,40,6,Hb,Ch_6_Time_40_Phase_0_Freq_0
0,0,1,0,41,6,Hb,Ch_6_Time_41_Phase_0_Freq_0
0,0,1,0,42,6,Hb,Ch_6_Time_42_Phase_0_Freq_0
0,0,1,0,43,6,Hb,Ch_6_Time_43_Phase_0_Freq_0
0,0,1,0,44,6,Hb,Ch_6_Time_44_Phase_0_Freq_0
0,0,1,0,45,6,Hb,Ch_6_Time_45_Phase_0_Freq_0
0,0,1,0,46,6,Hb,Ch_6_Time_46_Phase_0_Freq_0
0,0,1,0,47,6,Hb,Ch_6_Time_47_Phase_0_Freq_0
0,0,1,0,48,6,Hb,Ch_6_Time_48_Phase_0_Freq_0
0,0,1,0,49,6,Hb,Ch_6_Time_49_Phase_0_Freq_0
0,0,1,0,50,6,Hb,Ch_6_Time_50_Phase_0_Freq_0
0,0,1,0,51,6,Hb,Ch_6_Time_51_Phase_0_Freq_0
0,0,1,0,52,6,Hb,Ch_6_Time_52_Phase_0_Freq_0
0,0,1,0,53,6,Hb,Ch_6_Time_53_Phase_0_Freq_0
0,0,1,0,54,6,Hb,Ch_6_Time_54_Phase_0_Freq_0
0,0,1,0,55,6,Hb,Ch_6_Time_55_Phase_0_Freq_0
0,0,1,0,56,6,Hb,Ch_6_Time_56_Phase_0_Freq_0
0,0,1,0,57,6,Hb,Ch_6_Time_57_Phase_0_Freq_0
0,0,1,0,58,6,Hb,Ch_6_Time_58_Phase_0_Freq_0
0,0,1,0,59,6,Hb,Ch_6_Time_59_Phase_0_Freq_0
0,0,1,0,60,6,Hb,Ch_6_Time_60_Phase_0_Freq_0
0,0,1,0,1,7,Hb,Ch_7_Time_1_Phase_0_Freq_0
0,0,1,0,2,7,Hb,Ch_7_Time_2_Phase_0_Freq_0
3.1416,1.2246e-16,-1,0,3,7,Hb,Ch_7_Time_3_Phase_3.1416_Freq_0
3.1416,1.2246e-16,-1,0,4,7,Hb,Ch_7_Time_4_Phase_3.1416_Freq_0
3.1416,1.2246e-16,-1,0,5,7,Hb,Ch_7_Time_5_Phase_3.1416_Freq_0
3.1416,1.2246e-16,-1,0,6,7,Hb,Ch_7_Time_6_Phase_3.1416_Freq_0
3.1416,1.2246e-16,-1,0,7,7,Hb,Ch_7_Time_7_Phase_3.1416_Freq_0
1.3672,0.97935,0.20218,1,8,7,Hb,Ch_7_Time_8_Phase_1.3672_Freq_1
0,0,1,0,9,7,Hb,Ch_7_Time_9_Phase_0_Freq_0
0,0,1,0,10,7,Hb,Ch_7_Time_10_Phase_0_Freq_0
0,0,1,0,11,7,Hb,Ch_7_Time_11_Phase_0_Freq_0
0,0,1,0,12,7,Hb,Ch_7_Time_12_Phase_0_Freq_0
0,0,1,0,13,7,Hb,Ch_7_Time_13_Phase_0_Freq_0
0,0,1,0,14,7,Hb,Ch_7_Time_14_Phase_0_Freq_0
0,0,1,0,15,7,Hb,Ch_7_Time_15_Phase_0_Freq_0
0,0,1,0,16,7,Hb,Ch_7_Time_16_Phase_0_Freq_0
0,0,1,0,17,7,Hb,Ch_7_Time_17_Phase_0_Freq_0
0,0,1,0,18,7,Hb,Ch_7_Time_18_Phase_0_Freq_0
0,0,1,0,19,7,Hb,Ch_7_Time_19_Phase_0_Freq_0
0,0,1,0,20,7,Hb,Ch_7_Time_20_Phase_0_Freq_0
0,0,1,0,21,7,Hb,Ch_7_Time_21_Phase_0_Freq_0
0,0,1,0,22,7,Hb,Ch_7_Time_22_Phase_0_Freq_0
0,0,1,0,23,7,Hb,Ch_7_Time_23_Phase_0_Freq_0
0,0,1,0,24,7,Hb,Ch_7_Time_24_Phase_0_Freq_0
0,0,1,0,25,7,Hb,Ch_7_Time_25_Phase_0_Freq_0
0,0,1,0,26,7,Hb,Ch_7_Time_26_Phase_0_Freq_0
0,0,1,0,27,7,Hb,Ch_7_Time_27_Phase_0_Freq_0
0,0,1,0,28,7,Hb,Ch_7_Time_28_Phase_0_Freq_0
0,0,1,0,29,7,Hb,Ch_7_Time_29_Phase_0_Freq_0
0,0,1,0,30,7,Hb,Ch_7_Time_30_Phase_0_Freq_0
0,0,1,0,31,7,Hb,Ch_7_Time_31_Phase_0_Freq_0
0,0,1,0,32,7,Hb,Ch_7_Time_32_Phase_0_Freq_0
3.1416,1.2246e-16,-1,0,33,7,Hb,Ch_7_Time_33_Phase_3.1416_Freq_0
3.1416,1.2246e-16,-1,0,34,7,Hb,Ch_7_Time_34_Phase_3.1416_Freq_0
3.1416,1.2246e-16,-1,0,35,7,Hb,Ch_7_Time_35_Phase_3.1416_Freq_0
3.1416,1.2246e-16,-1,0,36,7,Hb,Ch_7_Time_36_Phase_3.1416_Freq_0
3.1416,1.2246e-16,-1,0,37,7,Hb,Ch_7_Time_37_Phase_3.1416_Freq_0
1.3479,0.97525,0.22109,1,38,7,Hb,Ch_7_Time_38_Phase_1.3479_Freq_1
0,0,1,0,39,7,Hb,Ch_7_Time_39_Phase_0_Freq_0
0,0,1,0,40,7,Hb,Ch_7_Time_40_Phase_0_Freq_0
0,0,1,0,41,7,Hb,Ch_7_Time_41_Phase_0_Freq_0
0,0,1,0,42,7,Hb,Ch_7_Time_42_Phase_0_Freq_0
0,0,1,0,43,7,Hb,Ch_7_Time_43_Phase_0_Freq_0
0,0,1,0,44,7,Hb,Ch_7_Time_44_Phase_0_Freq_0
0,0,1,0,45,7,Hb,Ch_7_Time_45_Phase_0_Freq_0
0,0,1,0,46,7,Hb,Ch_7_Time_46_Phase_0_Freq_0
0,0,1,0,47,7,Hb,Ch_7_Time_47_Phase_0_Freq_0
0,0,1,0,48,7,Hb,Ch_7_Time_48_Phase_0_Freq_0
0,0,1,0,49,7,Hb,Ch_7_Time_49_Phase_0_Freq_0
0,0,1,0,50,7,Hb,Ch_7_Time_50_Phase_0_Freq_0
0,0,1,0,51,7,Hb,Ch_7_Time_51_Phase_0_Freq_0
0,0,1,0,52,7,Hb,Ch_7_Time_52_Phase_0_Freq_0
0,0,1,0,53,7,Hb,Ch_7_Time_53_Phase_0_Freq_0
0,0,1,0,54,7,Hb,Ch_7_Time_54_Phase_0_Freq_0
0,0,1,0,55,7,Hb,Ch_7_Time_55_Phase_0_Freq_0
0,0,1,0,56,7,Hb,Ch_7_Time_56_Phase_0_Freq_0
0,0,1,0,57,7,Hb,Ch_7_Time_57_Phase_0_Freq_0
0,0,1,0,58,7,Hb,Ch_7_Time_58_Phase_0_Freq_0
0,0,1,0,59,7,Hb,Ch_7_Time_59_Phase_0_Freq_0
0,0,1,0,60,7,Hb,Ch_7_Time_60_Phase_0_Freq_0
0,0,1,0,1,8,HbO2,Ch_8_Time_1_Phase_0_Freq_0
0,0,1,0,2,8,HbO2,Ch_8_Time_2_Phase_0_Freq_0
0,0,1,0,3,8,HbO2,Ch_8_Time_3_Phase_0_Freq_0
0,0,1,0,4,8,HbO2,Ch_8_Time_4_Phase_0_Freq_0
0,0,1,0,5,8,HbO2,Ch_8_Time_5_Phase_0_Freq_0
0,0,1,0,6,8,HbO2,Ch_8_Time_6_Phase_0_Freq_0
0,0,1,0,7,8,HbO2,Ch_8_Time_7_Phase_0_Freq_0
0,0,1,0,8,8,HbO2,Ch_8_Time_8_Phase_0_Freq_0
0,0,1,0,9,8,HbO2,Ch_8_Time_9_Phase_0_Freq_0
0,0,1,0,10,8,HbO2,Ch_8_Time_10_Phase_0_Freq_0
0,0,1,0,11,8,HbO2,Ch_8_Time_11_Phase_0_Freq_0
0,0,1,0,12,8,HbO2,Ch_8_Time_12_Phase_0_Freq_0
0,0,1,0,13,8,HbO2,Ch_8_Time_13_Phase_0_Freq_0
0,0,1,0,14,8,HbO2,Ch_8_Time_14_Phase_0_Freq_0
0,0,1,0,15,8,HbO2,Ch_8_Time_15_Phase_0_Freq_0
0,0,1,0,16,8,HbO2,Ch_8_Time_16_Phase_0_Freq_0
0,0,1,0,17,8,HbO2,Ch_8_Time_17_Phase_0_Freq_0
0,0,1,0,18,8,HbO2,Ch_8_Time_18_Phase_0_Freq_0
0,0,1,0,19,8,HbO2,Ch_8_Time_19_Phase_0_Freq_0
0,0,1,0,20,8,HbO2,Ch_8_Time_20_Phase_0_Freq_0
0,0,1,0,21,8,HbO2,Ch_8_Time_21_Phase_0_Freq_0
0,0,1,0,22,8,HbO2,Ch_8_Time_22_Phase_0_Freq_0
0,0,1,0,23,8,HbO2,Ch_8_Time_23_Phase_0_Freq_0
0,0,1,0,24,8,HbO2,Ch_8_Time_24_Phase_0_Freq_0
0,0,1,0,25,8,HbO2,Ch_8_Time_25_Phase_0_Freq_0
0,0,1,0,26,8,HbO2,Ch_8_Time_26_Phase_0_Freq_0
0,0,1,0,27,8,HbO2,Ch_8_Time_27_Phase_0_Freq_0
0,0,1,0,28,8,HbO2,Ch_8_Time_28_Phase_0_Freq_0
0,0,1,0,29,8,HbO2,Ch_8_Time_29_Phase_0_Freq_0
0,0,1,0,30,8,HbO2,Ch_8_Time_30_Phase_0_Freq_0
0,0,1,0,31,8,HbO2,Ch_8_Time_31_Phase_0_Freq_0
0,0,1,0,32,8,HbO2,Ch_8_Time_32_Phase_0_Freq_0
0,0,1,0,33,8,HbO2,Ch_8_Time_33_Phase_0_Freq_0
0,0,1,0,34,8,HbO2,Ch_8_Time_34_Phase_0_Freq_0
0,0,1,0,35,8,HbO2,Ch_8_Time_35_Phase_0_Freq_0
0,0,1,0,36,8,HbO2,Ch_8_Time_36_Phase_0_Freq_0
0,0,1,0,37,8,HbO2,Ch_8_Time_37_Phase_0_Freq_0
0,0,1,0,38,8,HbO2,Ch_8_Time_38_Phase_0_Freq_0
0,0,1,0,39,8,HbO2,Ch_8_Time_39_Phase_0_Freq_0
0,0,1,0,40,8,HbO2,Ch_8_Time_40_Phase_0_Freq_0
0,0,1,0,41,8,HbO2,Ch_8_Time_41_Phase_0_Freq_0
0,0,1,0,42,8,HbO2,Ch_8_Time_42_Phase_0_Freq_0
0,0,1,0,43,8,HbO2,Ch_8_Time_43_Phase_0_Freq_0
0,0,1,0,44,8,HbO2,Ch_8_Time_44_Phase_0_Freq_0
0,0,1,0,45,8,HbO2,Ch_8_Time_45_Phase_0_Freq_0
0,0,1,0,46,8,HbO2,Ch_8_Time_46_Phase_0_Freq_0
0,0,1,0,47,8,HbO2,Ch_8_Time_47_Phase_0_Freq_0
0,0,1,0,48,8,HbO2,Ch_8_Time_48_Phase_0_Freq_0
0,0,1,0,49,8,HbO2,Ch_8_Time_49_Phase_0_Freq_0
0,0,1,0,50,8,HbO2,Ch_8_Time_50_Phase_0_Freq_0
0,0,1,0,51,8,HbO2,Ch_8_Time_51_Phase_0_Freq_0
0,0,1,0,52,8,HbO2,Ch_8_Time_52_Phase_0_Freq_0
0,0,1,0,53,8,HbO2,Ch_8_Time_53_Phase_0_Freq_0
0,0,1,0,54,8,HbO2,Ch_8_Time_54_Phase_0_Freq_0
0,0,1,0,55,8,HbO2,Ch_8_Time_55_Phase_0_Freq_0
0,0,1,0,56,8,HbO2,Ch_8_Time_56_Phase_0_Freq_0
0,0,1,0,57,8,HbO2,Ch_8_Time_57_Phase_0_Freq_0
0,0,1,0,58,8,HbO2,Ch_8_Time_58_Phase_0_Freq_0
0,0,1,0,59,8,HbO2,Ch_8_Time_59_Phase_0_Freq_0
0,0,1,0,60,8,HbO2,Ch_8_Time_60_Phase_0_Freq_0
0,0,1,0,1,9,HbO2,Ch_9_Time_1_Phase_0_Freq_0
3.1416,1.2246e-16,-1,0,2,9,HbO2,Ch_9_Time_2_Phase_3.1416_Freq_0
1.3684,0.9796,0.20098,1,3,9,HbO2,Ch_9_Time_3_Phase_1.3684_Freq_1
0,0,1,0,4,9,HbO2,Ch_9_Time_4_Phase_0_Freq_0
0,0,1,0,5,9,HbO2,Ch_9_Time_5_Phase_0_Freq_0
0,0,1,0,6,9,HbO2,Ch_9_Time_6_Phase_0_Freq_0
0,0,1,0,7,9,HbO2,Ch_9_Time_7_Phase_0_Freq_0
0,0,1,0,8,9,HbO2,Ch_9_Time_8_Phase_0_Freq_0
0,0,1,0,9,9,HbO2,Ch_9_Time_9_Phase_0_Freq_0
0,0,1,0,10,9,HbO2,Ch_9_Time_10_Phase_0_Freq_0
0,0,1,0,11,9,HbO2,Ch_9_Time_11_Phase_0_Freq_0
0,0,1,0,12,9,HbO2,Ch_9_Time_12_Phase_0_Freq_0
0,0,1,0,13,9,HbO2,Ch_9_Time_13_Phase_0_Freq_0
0,0,1,0,14,9,HbO2,Ch_9_Time_14_Phase_0_Freq_0
0,0,1,0,15,9,HbO2,Ch_9_Time_15_Phase_0_Freq_0
0,0,1,0,16,9,HbO2,Ch_9_Time_16_Phase_0_Freq_0
0,0,1,0,17,9,HbO2,Ch_9_Time_17_Phase_0_Freq_0
0,0,1,0,18,9,HbO2,Ch_9_Time_18_Phase_0_Freq_0
0,0,1,0,19,9,HbO2,Ch_9_Time_19_Phase_0_Freq_0
0,0,1,0,20,9,HbO2,Ch_9_Time_20_Phase_0_Freq_0
0,0,1,0,21,9,HbO2,Ch_9_Time_21_Phase_0_Freq_0
0,0,1,0,22,9,HbO2,Ch_9_Time_22_Phase_0_Freq_0
0,0,1,0,23,9,HbO2,Ch_9_Time_23_Phase_0_Freq_0
0,0,1,0,24,9,HbO2,Ch_9_Time_24_Phase_0_Freq_0
0,0,1,0,25,9,HbO2,Ch_9_Time_25_Phase_0_Freq_0
0,0,1,0,26,9,HbO2,Ch_9_Time_26_Phase_0_Freq_0
0,0,1,0,27,9,HbO2,Ch_9_Time_27_Phase_0_Freq_0
0,0,1,0,28,9,HbO2,Ch_9_Time_28_Phase_0_Freq_0
0,0,1,0,29,9,HbO2,Ch_9_Time_29_Phase_0_Freq_0
0,0,1,0,30,9,HbO2,Ch_9_Time_30_Phase_0_Freq_0
0,0,1,0,31,9,HbO2,Ch_9_Time_31_Phase_0_Freq_0
3.1416,1.2246e-16,-1,0,32,9,HbO2,Ch_9_Time_32_Phase_3.1416_Freq_0
1.3902,0.98373,0.17965,1,33,9,HbO2,Ch_9_Time_33_Phase_1.3902_Freq_1
0,0,1,0,34,9,HbO2,Ch_9_Time_34_Phase_0_Freq_0
0,0,1,0,35,9,HbO2,Ch_9_Time_35_Phase_0_Freq_0
0,0,1,0,36,9,HbO2,Ch_9_Time_36_Phase_0_Freq_0
0,0,1,0,37,9,HbO2,Ch_9_Time_37_Phase_0_Freq_0
0,0,1,0,38,9,HbO2,Ch_9_Time_38_Phase_0_Freq_0
0,0,1,0,39,9,HbO2,Ch_9_Time_39_Phase_0_Freq_0
0,0,1,0,40,9,HbO2,Ch_9_Time_40_Phase_0_Freq_0
0,0,1,0,41,9,HbO2,Ch_9_Time_41_Phase_0_Freq_0
0,0,1,0,42,9,HbO2,Ch_9_Time_42_Phase_0_Freq_0
0,0,1,0,43,9,HbO2,Ch_9_Time_43_Phase_0_Freq_0
0,0,1,0,44,9,HbO2,Ch_9_Time_44_Phase_0_Freq_0
0,0,1,0,45,9,HbO2,Ch_9_Time_45_Phase_0_Freq_0
0,0,1,0,46,9,HbO2,Ch_9_Time_46_Phase_0_Freq_0
0,0,1,0,47,9,HbO2,Ch_9_Time_47_Phase_0_Freq_0
0,0,1,0,48,9,HbO2,Ch_9_Time_48_Phase_0_Freq_0
0,0,1,0,49,9,HbO2,Ch_9_Time_49_Phase_0_Freq_0
0,0,1,0,50,9,HbO2,Ch_9_Time_50_Phase_0_Freq_0
0,0,1,0,51,9,HbO2,Ch_9_Time_51_Phase_0_Freq_0
0,0,1,0,52,9,HbO2,Ch_9_Time_52_Phase_0_Freq_0
0,0,1,0,53,9,HbO2,Ch_9_Time_53_Phase_0_Freq_0
0,0,1,0,54,9,HbO2,Ch_9_Time_54_Phase_0_Freq_0
0,0,1,0,55,9,HbO2,Ch_9_Time_55_Phase_0_Freq_0
0,0,1,0,56,9,HbO2,Ch_9_Time_56_Phase_0_Freq_0
0,0,1,0,57,9,HbO2,Ch_9_Time_57_Phase_0_Freq_0
0,0,1,0,58,9,HbO2,Ch_9_Time_58_Phase_0_Freq_0
0,0,1,0,59,9,HbO2,Ch_9_Time_59_Phase_0_Freq_0
0,0,1,0,60,9,HbO2,Ch_9_Time_60_Phase_0_Freq_0
0,0,1,0,1,10,HbO2,Ch_10_Time_1_Phase_0_Freq_0
3.1416,1.2246e-16,-1,0,2,10,HbO2,Ch_10_Time_2_Phase_3.1416_Freq_0
0,0,1,0,3,10,HbO2,Ch_10_Time_3_Phase_0_Freq_0
0,0,1,0,4,10,HbO2,Ch_10_Time_4_Phase_0_Freq_0
0,0,1,0,5,10,HbO2,Ch_10_Time_5_Phase_0_Freq_0
0,0,1,0,6,10,HbO2,Ch_10_Time_6_Phase_0_Freq_0
0,0,1,0,7,10,HbO2,Ch_10_Time_7_Phase_0_Freq_0
0,0,1,0,8,10,HbO2,Ch_10_Time_8_Phase_0_Freq_0
0,0,1,0,9,10,HbO2,Ch_10_Time_9_Phase_0_Freq_0
0,0,1,0,10,10,HbO2,Ch_10_Time_10_Phase_0_Freq_0
0,0,1,0,11,10,HbO2,Ch_10_Time_11_Phase_0_Freq_0
0,0,1,0,12,10,HbO2,Ch_10_Time_12_Phase_0_Freq_0
0,0,1,0,13,10,HbO2,Ch_10_Time_13_Phase_0_Freq_0
0,0,1,0,14,10,HbO2,Ch_10_Time_14_Phase_0_Freq_0
0,0,1,0,15,10,HbO2,Ch_10_Time_15_Phase_0_Freq_0
0,0,1,0,16,10,HbO2,Ch_10_Time_16_Phase_0_Freq_0
0,0,1,0,17,10,HbO2,Ch_10_Time_17_Phase_0_Freq_0
0,0,1,0,18,10,HbO2,Ch_10_Time_18_Phase_0_Freq_0
0,0,1,0,19,10,HbO2,Ch_10_Time_19_Phase_0_Freq_0
0,0,1,0,20,10,HbO2,Ch_10_Time_20_Phase_0_Freq_0
0,0,1,0,21,10,HbO2,Ch_10_Time_21_Phase_0_Freq_0
0,0,1,0,22,10,HbO2,Ch_10_Time_22_Phase_0_Freq_0
0,0,1,0,23,10,HbO2,Ch_10_Time_23_Phase_0_Freq_0
0,0,1,0,24,10,HbO2,Ch_10_Time_24_Phase_0_Freq_0
0,0,1,0,25,10,HbO2,Ch_10_Time_25_Phase_0_Freq_0
0,0,1,0,26,10,HbO2,Ch_10_Time_26_Phase_0_Freq_0
0,0,1,0,27,10,HbO2,Ch_10_Time_27_Phase_0_Freq_0
0,0,1,0,28,10,HbO2,Ch_10_Time_28_Phase_0_Freq_0
0,0,1,0,29,10,HbO2,Ch_10_Time_29_Phase_0_Freq_0
0,0,1,0,30,10,HbO2,Ch_10_Time_30_Phase_0_Freq_0
0,0,1,0,31,10,HbO2,Ch_10_Time_31_Phase_0_Freq_0
3.1416,1.2246e-16,-1,0,32,10,HbO2,Ch_10_Time_32_Phase_3.1416_Freq_0
0,0,1,0,33,10,HbO2,Ch_10_Time_33_Phase_0_Freq_0
0,0,1,0,34,10,HbO2,Ch_10_Time_34_Phase_0_Freq_0
0,0,1,0,35,10,HbO2,Ch_10_Time_35_Phase_0_Freq_0
0,0,1,0,36,10,HbO2,Ch_10_Time_36_Phase_0_Freq_0
0,0,1,0,37,10,HbO2,Ch_10_Time_37_Phase_0_Freq_0
0,0,1,0,38,10,HbO2,Ch_10_Time_38_Phase_0_Freq_0
0,0,1,0,39,10,HbO2,Ch_10_Time_39_Phase_0_Freq_0
0,0,1,0,40,10,HbO2,Ch_10_Time_40_Phase_0_Freq_0
0,0,1,0,41,10,HbO2,Ch_10_Time_41_Phase_0_Freq_0
0,0,1,0,42,10,HbO2,Ch_10_Time_42_Phase_0_Freq_0
0,0,1,0,43,10,HbO2,Ch_10_Time_43_Phase_0_Freq_0
0,0,1,0,44,10,HbO2,Ch_10_Time_44_Phase_0_Freq_0
0,0,1,0,45,10,HbO2,Ch_10_Time_45_Phase_0_Freq_0
0,0,1,0,46,10,HbO2,Ch_10_Time_46_Phase_0_Freq_0
0,0,1,0,47,10,HbO2,Ch_10_Time_47_Phase_0_Freq_0
0,0,1,0,48,10,HbO2,Ch_10_Time_48_Phase_0_Freq_0
0,0,1,0,49,10,HbO2,Ch_10_Time_49_Phase_0_Freq_0
0,0,1,0,50,10,HbO2,Ch_10_Time_50_Phase_0_Freq_0
0,0,1,0,51,10,HbO2,Ch_10_Time_51_Phase_0_Freq_0
0,0,1,0,52,10,HbO2,Ch_10_Time_52_Phase_0_Freq_0
0,0,1,0,53,10,HbO2,Ch_10_Time_53_Phase_0_Freq_0
0,0,1,0,54,10,HbO2,Ch_10_Time_54_Phase_0_Freq_0
0,0,1,0,55,10,HbO2,Ch_10_Time_55_Phase_0_Freq_0
0,0,1,0,56,10,HbO2,Ch_10_Time_56_Phase_0_Freq_0
0,0,1,0,57,10,HbO2,Ch_10_Time_57_Phase_0_Freq_0
0,0,1,0,58,10,HbO2,Ch_10_Time_58_Phase_0_Freq_0
0,0,1,0,59,10,HbO2,Ch_10_Time_59_Phase_0_Freq_0
0,0,1,0,60,10,HbO2,Ch_10_Time_60_Phase_0_Freq_0
0,0,1,0,1,11,HbO2,Ch_11_Time_1_Phase_0_Freq_0
0,0,1,0,2,11,HbO2,Ch_11_Time_2_Phase_0_Freq_0
3.1416,1.2246e-16,-1,0,3,11,HbO2,Ch_11_Time_3_Phase_3.1416_Freq_0
3.1416,1.2246e-16,-1,0,4,11,HbO2,Ch_11_Time_4_Phase_3.1416_Freq_0
3.1416,1.2246e-16,-1,0,5,11,HbO2,Ch_11_Time_5_Phase_3.1416_Freq_0
3.1416,1.2246e-16,-1,0,6,11,HbO2,Ch_11_Time_6_Phase_3.1416_Freq_0
3.1416,1.2246e-16,-1,0,7,11,HbO2,Ch_11_Time_7_Phase_3.1416_Freq_0
3.1416,1.2246e-16,-1,0,8,11,HbO2,Ch_11_Time_8_Phase_3.1416_Freq_0
3.1416,1.2246e-16,-1,0,9,11,HbO2,Ch_11_Time_9_Phase_3.1416_Freq_0
3.1416,1.2246e-16,-1,0,10,11,HbO2,Ch_11_Time_10_Phase_3.1416_Freq_0
3.1416,1.2246e-16,-1,0,11,11,HbO2,Ch_11_Time_11_Phase_3.1416_Freq_0
3.1416,1.2246e-16,-1,0,12,11,HbO2,Ch_11_Time_12_Phase_3.1416_Freq_0
0,0,1,0,13,11,HbO2,Ch_11_Time_13_Phase_0_Freq_0
0,0,1,0,14,11,HbO2,Ch_11_Time_14_Phase_0_Freq_0
0,0,1,0,15,11,HbO2,Ch_11_Time_15_Phase_0_Freq_0
0,0,1,0,16,11,HbO2,Ch_11_Time_16_Phase_0_Freq_0
0,0,1,0,17,11,HbO2,Ch_11_Time_17_Phase_0_Freq_0
0,0,1,0,18,11,HbO2,Ch_11_Time_18_Phase_0_Freq_0
0,0,1,0,19,11,HbO2,Ch_11_Time_19_Phase_0_Freq_0
0,0,1,0,20,11,HbO2,Ch_11_Time_20_Phase_0_Freq_0
0,0,1,0,21,11,HbO2,Ch_11_Time_21_Phase_0_Freq_0
0,0,1,0,22,11,HbO2,Ch_11_Time_22_Phase_0_Freq_0
0,0,1,0,23,11,HbO2,Ch_11_Time_23_Phase_0_Freq_0
0,0,1,0,24,11,HbO2,Ch_11_Time_24_Phase_0_Freq_0
0,0,1,0,25,11,HbO2,Ch_11_Time_25_Phase_0_Freq_0
0,0,1,0,26,11,HbO2,Ch_11_Time_26_Phase_0_Freq_0
0,0,1,0,27,11,HbO2,Ch_11_Time_27_Phase_0_Freq_0
0,0,1,0,28,11,HbO2,Ch_11_Time_28_Phase_0_Freq_0
0,0,1,0,29,11,HbO2,Ch_11_Time_29_Phase_0_Freq_0
0,0,1,0,30,11,HbO2,Ch_11_Time_30_Phase_0_Freq_0
0,0,1,0,31,11,HbO2,Ch_11_Time_31_Phase_0_Freq_0
0,0,1,0,32,11,HbO2,Ch_11_Time_32_Phase_0_Freq_0
3.1416,1.2246e-16,-1,0,33,11,HbO2,Ch_11_Time_33_Phase_3.1416_Freq_0
3.1416,1.2246e-16,-1,0,34,11,HbO2,Ch_11_Time_34_Phase_3.1416_Freq_0
3.1416,1.2246e-16,-1,0,35,11,HbO2,Ch_11_Time_35_Phase_3.1416_Freq_0
3.1416,1.2246e-16,-1,0,36,11,HbO2,Ch_11_Time_36_Phase_3.1416_Freq_0
3.1416,1.2246e-16,-1,0,37,11,HbO2,Ch_11_Time_37_Phase_3.1416_Freq_0
3.1416,1.2246e-16,-1,0,38,11,HbO2,Ch_11_Time_38_Phase_3.1416_Freq_0
3.1416,1.2246e-16,-1,0,39,11,HbO2,Ch_11_Time_39_Phase_3.1416_Freq_0
3.1416,1.2246e-16,-1,0,40,11,HbO2,Ch_11_Time_40_Phase_3.1416_Freq_0
3.1416,1.2246e-16,-1,0,41,11,HbO2,Ch_11_Time_41_Phase_3.1416_Freq_0
3.1416,1.2246e-16,-1,0,42,11,HbO2,Ch_11_Time_42_Phase_3.1416_Freq_0
0,0,1,0,43,11,HbO2,Ch_11_Time_43_Phase_0_Freq_0
0,0,1,0,44,11,HbO2,Ch_11_Time_44_Phase_0_Freq_0
0,0,1,0,45,11,HbO2,Ch_11_Time_45_Phase_0_Freq_0
0,0,1,0,46,11,HbO2,Ch_11_Time_46_Phase_0_Freq_0
0,0,1,0,47,11,HbO2,Ch_11_Time_47_Phase_0_Freq_0
0,0,1,0,48,11,HbO2,Ch_11_Time_48_Phase_0_Freq_0
0,0,1,0,49,11,HbO2,Ch_11_Time_49_Phase_0_Freq_0
0,0,1,0,50,11,HbO2,Ch_11_Time_50_Phase_0_Freq_0
0,0,1,0,51,11,HbO2,Ch_11_Time_51_Phase_0_Freq_0
0,0,1,0,52,11,HbO2,Ch_11_Time_52_Phase_0_Freq_0
0,0,1,0,53,11,HbO2,Ch_11_Time_53_Phase_0_Freq_0
0,0,1,0,54,11,HbO2,Ch_11_Time_54_Phase_0_Freq_0
0,0,1,0,55,11,HbO2,Ch_11_Time_55_Phase_0_Freq_0
0,0,1,0,56,11,HbO2,Ch_11_Time_56_Phase_0_Freq_0
0,0,1,0,57,11,HbO2,Ch_11_Time_57_Phase_0_Freq_0
0,0,1,0,58,11,HbO2,Ch_11_Time_58_Phase_0_Freq_0
0,0,1,0,59,11,HbO2,Ch_11_Time_59_Phase_0_Freq_0
0,0,1,0,60,11,HbO2,Ch_11_Time_60_Phase_0_Freq_0
0,0,1,0,1,12,HbO2,Ch_12_Time_1_Phase_0_Freq_0
0,0,1,0,2,12,HbO2,Ch_12_Time_2_Phase_0_Freq_0
0,0,1,0,3,12,HbO2,Ch_12_Time_3_Phase_0_Freq_0
3.1416,1.2246e-16,-1,0,4,12,HbO2,Ch_12_Time_4_Phase_3.1416_Freq_0
3.1416,1.2246e-16,-1,0,5,12,HbO2,Ch_12_Time_5_Phase_3.1416_Freq_0
3.1416,1.2246e-16,-1,0,6,12,HbO2,Ch_12_Time_6_Phase_3.1416_Freq_0
3.1416,1.2246e-16,-1,0,7,12,HbO2,Ch_12_Time_7_Phase_3.1416_Freq_0
3.1416,1.2246e-16,-1,0,8,12,HbO2,Ch_12_Time_8_Phase_3.1416_Freq_0
0,0,1,0,9,12,HbO2,Ch_12_Time_9_Phase_0_Freq_0
0,0,1,0,10,12,HbO2,Ch_12_Time_10_Phase_0_Freq_0
0,0,1,0,11,12,HbO2,Ch_12_Time_11_Phase_0_Freq_0
0,0,1,0,12,12,HbO2,Ch_12_Time_12_Phase_0_Freq_0
0,0,1,0,13,12,HbO2,Ch_12_Time_13_Phase_0_Freq_0
0,0,1,0,14,12,HbO2,Ch_12_Time_14_Phase_0_Freq_0
0,0,1,0,15,12,HbO2,Ch_12_Time_15_Phase_0_Freq_0
0,0,1,0,16,12,HbO2,Ch_12_Time_16_Phase_0_Freq_0
0,0,1,0,17,12,HbO2,Ch_12_Time_17_Phase_0_Freq_0
0,0,1,0,18,12,HbO2,Ch_12_Time_18_Phase_0_Freq_0
0,0,1,0,19,12,HbO2,Ch_12_Time_19_Phase_0_Freq_0
0,0,1,0,20,12,HbO2,Ch_12_Time_20_Phase_0_Freq_0
0,0,1,0,21,12,HbO2,Ch_12_Time_21_Phase_0_Freq_0
0,0,1,0,22,12,HbO2,Ch_12_Time_22_Phase_0_Freq_0
0,0,1,0,23,12,HbO2,Ch_12_Time_23_Phase_0_Freq_0
0,0,1,0,24,12,HbO2,Ch_12_Time_24_Phase_0_Freq_0
0,0,1,0,25,12,HbO2,Ch_12_Time_25_Phase_0_Freq_0
0,0,1,0,26,12,HbO2,Ch_12_Time_26_Phase_0_Freq_0
0,0,1,0,27,12,HbO2,Ch_12_Time_27_Phase_0_Freq_0
0,0,1,0,28,12,HbO2,Ch_12_Time_28_Phase_0_Freq_0
0,0,1,0,29,12,HbO2,Ch_12_Time_29_Phase_0_Freq_0
0,0,1,0,30,12,HbO2,Ch_12_Time_30_Phase_0_Freq_0
0,0,1,0,31,12,HbO2,Ch_12_Time_31_Phase_0_Freq_0
0,0,1,0,32,12,HbO2,Ch_12_Time_32_Phase_0_Freq_0
0,0,1,0,33,12,HbO2,Ch_12_Time_33_Phase_0_Freq_0
3.1416,1.2246e-16,-1,0,34,12,HbO2,Ch_12_Time_34_Phase_3.1416_Freq_0
3.1416,1.2246e-16,-1,0,35,12,HbO2,Ch_12_Time_35_Phase_3.1416_Freq_0
3.1416,1.2246e-16,-1,0,36,12,HbO2,Ch_12_Time_36_Phase_3.1416_Freq_0
3.1416,1.2246e-16,-1,0,37,12,HbO2,Ch_12_Time_37_Phase_3.1416_Freq_0
3.1416,1.2246e-16,-1,0,38,12,HbO2,Ch_12_Time_38_Phase_3.1416_Freq_0
0,0,1,0,39,12,HbO2,Ch_12_Time_39_Phase_0_Freq_0
0,0,1,0,40,12,HbO2,Ch_12_Time_40_Phase_0_Freq_0
0,0,1,0,41,12,HbO2,Ch_12_Time_41_Phase_0_Freq_0
0,0,1,0,42,12,HbO2,Ch_12_Time_42_Phase_0_Freq_0
0,0,1,0,43,12,HbO2,Ch_12_Time_43_Phase_0_Freq_0
0,0,1,0,44,12,HbO2,Ch_12_Time_44_Phase_0_Freq_0
0,0,1,0,45,12,HbO2,Ch_12_Time_45_Phase_0_Freq_0
0,0,1,0,46,12,HbO2,Ch_12_Time_46_Phase_0_Freq_0
0,0,1,0,47,12,HbO2,Ch_12_Time_47_Phase_0_Freq_0
0,0,1,0,48,12,HbO2,Ch_12_Time_48_Phase_0_Freq_0
0,0,1,0,49,12,HbO2,Ch_12_Time_49_Phase_0_Freq_0
0,0,1,0,50,12,HbO2,Ch_12_Time_50_Phase_0_Freq_0
0,0,1,0,51,12,HbO2,Ch_12_Time_51_Phase_0_Freq_0
0,0,1,0,52,12,HbO2,Ch_12_Time_52_Phase_0_Freq_0
0,0,1,0,53,12,HbO2,Ch_12_Time_53_Phase_0_Freq_0
0,0,1,0,54,12,HbO2,Ch_12_Time_54_Phase_0_Freq_0
0,0,1,0,55,12,HbO2,Ch_12_Time_55_Phase_0_Freq_0
0,0,1,0,56,12,HbO2,Ch_12_Time_56_Phase_0_Freq_0
0,0,1,0,57,12,HbO2,Ch_12_Time_57_Phase_0_Freq_0
0,0,1,0,58,12,HbO2,Ch_12_Time_58_Phase_0_Freq_0
0,0,1,0,59,12,HbO2,Ch_12_Time_59_Phase_0_Freq_0
0,0,1,0,60,12,HbO2,Ch_12_Time_60_Phase_0_Freq_0
3.1416,1.2246e-16,-1,0,1,13,HbO2,Ch_13_Time_1_Phase_3.1416_Freq_0
3.1416,1.2246e-16,-1,0,2,13,HbO2,Ch_13_Time_2_Phase_3.1416_Freq_0
3.1416,1.2246e-16,-1,0,3,13,HbO2,Ch_13_Time_3_Phase_3.1416_Freq_0
3.1416,1.2246e-16,-1,0,4,13,HbO2,Ch_13_Time_4_Phase_3.1416_Freq_0
3.1416,1.2246e-16,-1,0,5,13,HbO2,Ch_13_Time_5_Phase_3.1416_Freq_0
3.1416,1.2246e-16,-1,0,6,13,HbO2,Ch_13_Time_6_Phase_3.1416_Freq_0
3.1416,1.2246e-16,-1,0,7,13,HbO2,Ch_13_Time_7_Phase_3.1416_Freq_0
3.1416,1.2246e-16,-1,0,8,13,HbO2,Ch_13_Time_8_Phase_3.1416_Freq_0
3.1416,1.2246e-16,-1,0,9,13,HbO2,Ch_13_Time_9_Phase_3.1416_Freq_0
3.1416,1.2246e-16,-1,0,10,13,HbO2,Ch_13_Time_10_Phase_3.1416_Freq_0
3.1416,1.2246e-16,-1,0,11,13,HbO2,Ch_13_Time_11_Phase_3.1416_Freq_0
3.1416,1.2246e-16,-1,0,12,13,HbO2,Ch_13_Time_12_Phase_3.1416_Freq_0
3.1416,1.2246e-16,-1,0,13,13,HbO2,Ch_13_Time_13_Phase_3.1416_Freq_0
3.1416,1.2246e-16,-1,0,14,13,HbO2,Ch_13_Time_14_Phase_3.1416_Freq_0
3.1416,1.2246e-16,-1,0,15,13,HbO2,Ch_13_Time_15_Phase_3.1416_Freq_0
3.1416,1.2246e-16,-1,0,16,13,HbO2,Ch_13_Time_16_Phase_3.1416_Freq_0
3.1416,1.2246e-16,-1,0,17,13,HbO2,Ch_13_Time_17_Phase_3.1416_Freq_0
3.1416,1.2246e-16,-1,0,18,13,HbO2,Ch_13_Time_18_Phase_3.1416_Freq_0
3.1416,1.2246e-16,-1,0,19,13,HbO2,Ch_13_Time_19_Phase_3.1416_Freq_0
3.1416,1.2246e-16,-1,0,20,13,HbO2,Ch_13_Time_20_Phase_3.1416_Freq_0
3.1416,1.2246e-16,-1,0,21,13,HbO2,Ch_13_Time_21_Phase_3.1416_Freq_0
3.1416,1.2246e-16,-1,0,22,13,HbO2,Ch_13_Time_22_Phase_3.1416_Freq_0
3.1416,1.2246e-16,-1,0,23,13,HbO2,Ch_13_Time_23_Phase_3.1416_Freq_0
3.1416,1.2246e-16,-1,0,24,13,HbO2,Ch_13_Time_24_Phase_3.1416_Freq_0
3.1416,1.2246e-16,-1,0,25,13,HbO2,Ch_13_Time_25_Phase_3.1416_Freq_0
3.1416,1.2246e-16,-1,0,26,13,HbO2,Ch_13_Time_26_Phase_3.1416_Freq_0
3.1416,1.2246e-16,-1,0,27,13,HbO2,Ch_13_Time_27_Phase_3.1416_Freq_0
3.1416,1.2246e-16,-1,0,28,13,HbO2,Ch_13_Time_28_Phase_3.1416_Freq_0
3.1416,1.2246e-16,-1,0,29,13,HbO2,Ch_13_Time_29_Phase_3.1416_Freq_0
3.1416,1.2246e-16,-1,0,30,13,HbO2,Ch_13_Time_30_Phase_3.1416_Freq_0
3.1416,1.2246e-16,-1,0,31,13,HbO2,Ch_13_Time_31_Phase_3.1416_Freq_0
3.1416,1.2246e-16,-1,0,32,13,HbO2,Ch_13_Time_32_Phase_3.1416_Freq_0
3.1416,1.2246e-16,-1,0,33,13,HbO2,Ch_13_Time_33_Phase_3.1416_Freq_0
3.1416,1.2246e-16,-1,0,34,13,HbO2,Ch_13_Time_34_Phase_3.1416_Freq_0
3.1416,1.2246e-16,-1,0,35,13,HbO2,Ch_13_Time_35_Phase_3.1416_Freq_0
3.1416,1.2246e-16,-1,0,36,13,HbO2,Ch_13_Time_36_Phase_3.1416_Freq_0
3.1416,1.2246e-16,-1,0,37,13,HbO2,Ch_13_Time_37_Phase_3.1416_Freq_0
3.1416,1.2246e-16,-1,0,38,13,HbO2,Ch_13_Time_38_Phase_3.1416_Freq_0
3.1416,1.2246e-16,-1,0,39,13,HbO2,Ch_13_Time_39_Phase_3.1416_Freq_0
3.1416,1.2246e-16,-1,0,40,13,HbO2,Ch_13_Time_40_Phase_3.1416_Freq_0
3.1416,1.2246e-16,-1,0,41,13,HbO2,Ch_13_Time_41_Phase_3.1416_Freq_0
3.1416,1.2246e-16,-1,0,42,13,HbO2,Ch_13_Time_42_Phase_3.1416_Freq_0
3.1416,1.2246e-16,-1,0,43,13,HbO2,Ch_13_Time_43_Phase_3.1416_Freq_0
3.1416,1.2246e-16,-1,0,44,13,HbO2,Ch_13_Time_44_Phase_3.1416_Freq_0
3.1416,1.2246e-16,-1,0,45,13,HbO2,Ch_13_Time_45_Phase_3.1416_Freq_0
3.1416,1.2246e-16,-1,0,46,13,HbO2,Ch_13_Time_46_Phase_3.1416_Freq_0
3.1416,1.2246e-16,-1,0,47,13,HbO2,Ch_13_Time_47_Phase_3.1416_Freq_0
3.1416,1.2246e-16,-1,0,48,13,HbO2,Ch_13_Time_48_Phase_3.1416_Freq_0
3.1416,1.2246e-16,-1,0,49,13,HbO2,Ch_13_Time_49_Phase_3.1416_Freq_0
3.1416,1.2246e-16,-1,0,50,13,HbO2,Ch_13_Time_50_Phase_3.1416_Freq_0
3.1416,1.2246e-16,-1,0,51,13,HbO2,Ch_13_Time_51_Phase_3.1416_Freq_0
3.1416,1.2246e-16,-1,0,52,13,HbO2,Ch_13_Time_52_Phase_3.1416_Freq_0
3.1416,1.2246e-16,-1,0,53,13,HbO2,Ch_13_Time_53_Phase_3.1416_Freq_0
3.1416,1.2246e-16,-1,0,54,13,HbO2,Ch_13_Time_54_Phase_3.1416_Freq_0
3.1416,1.2246e-16,-1,0,55,13,HbO2,Ch_13_Time_55_Phase_3.1416_Freq_0
3.1416,1.2246e-16,-1,0,56,13,HbO2,Ch_13_Time_56_Phase_3.1416_Freq_0
3.1416,1.2246e-16,-1,0,57,13,HbO2,Ch_13_Time_57_Phase_3.1416_Freq_0
3.1416,1.2246e-16,-1,0,58,13,HbO2,Ch_13_Time_58_Phase_3.1416_Freq_0
3.1416,1.2246e-16,-1,0,59,13,HbO2,Ch_13_Time_59_Phase_3.1416_Freq_0
3.1416,1.2246e-16,-1,0,60,13,HbO2,Ch_13_Time_60_Phase_3.1416_Freq_0
3.1416,1.2246e-16,-1,0,1,14,HbO2,Ch_14_Time_1_Phase_3.1416_Freq_0
3.1416,1.2246e-16,-1,0,2,14,HbO2,Ch_14_Time_2_Phase_3.1416_Freq_0
3.1416,1.2246e-16,-1,0,3,14,HbO2,Ch_14_Time_3_Phase_3.1416_Freq_0
3.1416,1.2246e-16,-1,0,4,14,HbO2,Ch_14_Time_4_Phase_3.1416_Freq_0
3.1416,1.2246e-16,-1,0,5,14,HbO2,Ch_14_Time_5_Phase_3.1416_Freq_0
3.1416,1.2246e-16,-1,0,6,14,HbO2,Ch_14_Time_6_Phase_3.1416_Freq_0
3.1416,1.2246e-16,-1,0,7,14,HbO2,Ch_14_Time_7_Phase_3.1416_Freq_0
3.1416,1.2246e-16,-1,0,8,14,HbO2,Ch_14_Time_8_Phase_3.1416_Freq_0
3.1416,1.2246e-16,-1,0,9,14,HbO2,Ch_14_Time_9_Phase_3.1416_Freq_0
3.1416,1.2246e-16,-1,0,10,14,HbO2,Ch_14_Time_10_Phase_3.1416_Freq_0
3.1416,1.2246e-16,-1,0,11,14,HbO2,Ch_14_Time_11_Phase_3.1416_Freq_0
3.1416,1.2246e-16,-1,0,12,14,HbO2,Ch_14_Time_12_Phase_3.1416_Freq_0
3.1416,1.2246e-16,-1,0,13,14,HbO2,Ch_14_Time_13_Phase_3.1416_Freq_0
3.1416,1.2246e-16,-1,0,14,14,HbO2,Ch_14_Time_14_Phase_3.1416_Freq_0
3.1416,1.2246e-16,-1,0,15,14,HbO2,Ch_14_Time_15_Phase_3.1416_Freq_0
3.1416,1.2246e-16,-1,0,16,14,HbO2,Ch_14_Time_16_Phase_3.1416_Freq_0
3.1416,1.2246e-16,-1,0,17,14,HbO2,Ch_14_Time_17_Phase_3.1416_Freq_0
3.1416,1.2246e-16,-1,0,18,14,HbO2,Ch_14_Time_18_Phase_3.1416_Freq_0
3.1416,1.2246e-16,-1,0,19,14,HbO2,Ch_14_Time_19_Phase_3.1416_Freq_0
3.1416,1.2246e-16,-1,0,20,14,HbO2,Ch_14_Time_20_Phase_3.1416_Freq_0
3.1416,1.2246e-16,-1,0,21,14,HbO2,Ch_14_Time_21_Phase_3.1416_Freq_0
3.1416,1.2246e-16,-1,0,22,14,HbO2,Ch_14_Time_22_Phase_3.1416_Freq_0
3.1416,1.2246e-16,-1,0,23,14,HbO2,Ch_14_Time_23_Phase_3.1416_Freq_0
3.1416,1.2246e-16,-1,0,24,14,HbO2,Ch_14_Time_24_Phase_3.1416_Freq_0
3.1416,1.2246e-16,-1,0,25,14,HbO2,Ch_14_Time_25_Phase_3.1416_Freq_0
3.1416,1.2246e-16,-1,0,26,14,HbO2,Ch_14_Time_26_Phase_3.1416_Freq_0
3.1416,1.2246e-16,-1,0,27,14,HbO2,Ch_14_Time_27_Phase_3.1416_Freq_0
3.1416,1.2246e-16,-1,0,28,14,HbO2,Ch_14_Time_28_Phase_3.1416_Freq_0
3.1416,1.2246e-16,-1,0,29,14,HbO2,Ch_14_Time_29_Phase_3.1416_Freq_0
3.1416,1.2246e-16,-1,0,30,14,HbO2,Ch_14_Time_30_Phase_3.1416_Freq_0
3.1416,1.2246e-16,-1,0,31,14,HbO2,Ch_14_Time_31_Phase_3.1416_Freq_0
3.1416,1.2246e-16,-1,0,32,14,HbO2,Ch_14_Time_32_Phase_3.1416_Freq_0
3.1416,1.2246e-16,-1,0,33,14,HbO2,Ch_14_Time_33_Phase_3.1416_Freq_0
3.1416,1.2246e-16,-1,0,34,14,HbO2,Ch_14_Time_34_Phase_3.1416_Freq_0
3.1416,1.2246e-16,-1,0,35,14,HbO2,Ch_14_Time_35_Phase_3.1416_Freq_0
3.1416,1.2246e-16,-1,0,36,14,HbO2,Ch_14_Time_36_Phase_3.1416_Freq_0
3.1416,1.2246e-16,-1,0,37,14,HbO2,Ch_14_Time_37_Phase_3.1416_Freq_0
3.1416,1.2246e-16,-1,0,38,14,HbO2,Ch_14_Time_38_Phase_3.1416_Freq_0
3.1416,1.2246e-16,-1,0,39,14,HbO2,Ch_14_Time_39_Phase_3.1416_Freq_0
3.1416,1.2246e-16,-1,0,40,14,HbO2,Ch_14_Time_40_Phase_3.1416_Freq_0
3.1416,1.2246e-16,-1,0,41,14,HbO2,Ch_14_Time_41_Phase_3.1416_Freq_0
3.1416,1.2246e-16,-1,0,42,14,HbO2,Ch_14_Time_42_Phase_3.1416_Freq_0
3.1416,1.2246e-16,-1,0,43,14,HbO2,Ch_14_Time_43_Phase_3.1416_Freq_0
3.1416,1.2246e-16,-1,0,44,14,HbO2,Ch_14_Time_44_Phase_3.1416_Freq_0
3.1416,1.2246e-16,-1,0,45,14,HbO2,Ch_14_Time_45_Phase_3.1416_Freq_0
3.1416,1.2246e-16,-1,0,46,14,HbO2,Ch_14_Time_46_Phase_3.1416_Freq_0
3.1416,1.2246e-16,-1,0,47,14,HbO2,Ch_14_Time_47_Phase_3.1416_Freq_0
3.1416,1.2246e-16,-1,0,48,14,HbO2,Ch_14_Time_48_Phase_3.1416_Freq_0
3.1416,1.2246e-16,-1,0,49,14,HbO2,Ch_14_Time_49_Phase_3.1416_Freq_0
3.1416,1.2246e-16,-1,0,50,14,HbO2,Ch_14_Time_50_Phase_3.1416_Freq_0
3.1416,1.2246e-16,-1,0,51,14,HbO2,Ch_14_Time_51_Phase_3.1416_Freq_0
3.1416,1.2246e-16,-1,0,52,14,HbO2,Ch_14_Time_52_Phase_3.1416_Freq_0
3.1416,1.2246e-16,-1,0,53,14,HbO2,Ch_14_Time_53_Phase_3.1416_Freq_0
3.1416,1.2246e-16,-1,0,54,14,HbO2,Ch_14_Time_54_Phase_3.1416_Freq_0
3.1416,1.2246e-16,-1,0,55,14,HbO2,Ch_14_Time_55_Phase_3.1416_Freq_0
3.1416,1.2246e-16,-1,0,56,14,HbO2,Ch_14_Time_56_Phase_3.1416_Freq_0
3.1416,1.2246e-16,-1,0,57,14,HbO2,Ch_14_Time_57_Phase_3.1416_Freq_0
3.1416,1.2246e-16,-1,0,58,14,HbO2,Ch_14_Time_58_Phase_3.1416_Freq_0
3.1416,1.2246e-16,-1,0,59,14,HbO2,Ch_14_Time_59_Phase_3.1416_Freq_0
3.1416,1.2246e-16,-1,0,60,14,HbO2,Ch_14_Time_60_Phase_3.1416_Freq_0
3.1416,1.2246e-16,-1,0,1,15,HbO2,Ch_15_Time_1_Phase_3.1416_Freq_0
3.1416,1.2246e-16,-1,0,2,15,HbO2,Ch_15_Time_2_Phase_3.1416_Freq_0
3.1416,1.2246e-16,-1,0,3,15,HbO2,Ch_15_Time_3_Phase_3.1416_Freq_0
3.1416,1.2246e-16,-1,0,4,15,HbO2,Ch_15_Time_4_Phase_3.1416_Freq_0
3.1416,1.2246e-16,-1,0,5,15,HbO2,Ch_15_Time_5_Phase_3.1416_Freq_0
3.1416,1.2246e-16,-1,0,6,15,HbO2,Ch_15_Time_6_Phase_3.1416_Freq_0
3.1416,1.2246e-16,-1,0,7,15,HbO2,Ch_15_Time_7_Phase_3.1416_Freq_0
3.1416,1.2246e-16,-1,0,8,15,HbO2,Ch_15_Time_8_Phase_3.1416_Freq_0
3.1416,1.2246e-16,-1,0,9,15,HbO2,Ch_15_Time_9_Phase_3.1416_Freq_0
3.1416,1.2246e-16,-1,0,10,15,HbO2,Ch_15_Time_10_Phase_3.1416_Freq_0
3.1416,1.2246e-16,-1,0,11,15,HbO2,Ch_15_Time_11_Phase_3.1416_Freq_0
3.1416,1.2246e-16,-1,0,12,15,HbO2,Ch_15_Time_12_Phase_3.1416_Freq_0
3.1416,1.2246e-16,-1,0,13,15,HbO2,Ch_15_Time_13_Phase_3.1416_Freq_0
3.1416,1.2246e-16,-1,0,14,15,HbO2,Ch_15_Time_14_Phase_3.1416_Freq_0
3.1416,1.2246e-16,-1,0,15,15,HbO2,Ch_15_Time_15_Phase_3.1416_Freq_0
3.1416,1.2246e-16,-1,0,16,15,HbO2,Ch_15_Time_16_Phase_3.1416_Freq_0
3.1416,1.2246e-16,-1,0,17,15,HbO2,Ch_15_Time_17_Phase_3.1416_Freq_0
3.1416,1.2246e-16,-1,0,18,15,HbO2,Ch_15_Time_18_Phase_3.1416_Freq_0
3.1416,1.2246e-16,-1,0,19,15,HbO2,Ch_15_Time_19_Phase_3.1416_Freq_0
3.1416,1.2246e-16,-1,0,20,15,HbO2,Ch_15_Time_20_Phase_3.1416_Freq_0
3.1416,1.2246e-16,-1,0,21,15,HbO2,Ch_15_Time_21_Phase_3.1416_Freq_0
3.1416,1.2246e-16,-1,0,22,15,HbO2,Ch_15_Time_22_Phase_3.1416_Freq_0
3.1416,1.2246e-16,-1,0,23,15,HbO2,Ch_15_Time_23_Phase_3.1416_Freq_0
3.1416,1.2246e-16,-1,0,24,15,HbO2,Ch_15_Time_24_Phase_3.1416_Freq_0
3.1416,1.2246e-16,-1,0,25,15,HbO2,Ch_15_Time_25_Phase_3.1416_Freq_0
3.1416,1.2246e-16,-1,0,26,15,HbO2,Ch_15_Time_26_Phase_3.1416_Freq_0
3.1416,1.2246e-16,-1,0,27,15,HbO2,Ch_15_Time_27_Phase_3.1416_Freq_0
3.1416,1.2246e-16,-1,0,28,15,HbO2,Ch_15_Time_28_Phase_3.1416_Freq_0
3.1416,1.2246e-16,-1,0,29,15,HbO2,Ch_15_Time_29_Phase_3.1416_Freq_0
3.1416,1.2246e-16,-1,0,30,15,HbO2,Ch_15_Time_30_Phase_3.1416_Freq_0
3.1416,1.2246e-16,-1,0,31,15,HbO2,Ch_15_Time_31_Phase_3.1416_Freq_0
3.1416,1.2246e-16,-1,0,32,15,HbO2,Ch_15_Time_32_Phase_3.1416_Freq_0
3.1416,1.2246e-16,-1,0,33,15,HbO2,Ch_15_Time_33_Phase_3.1416_Freq_0
3.1416,1.2246e-16,-1,0,34,15,HbO2,Ch_15_Time_34_Phase_3.1416_Freq_0
3.1416,1.2246e-16,-1,0,35,15,HbO2,Ch_15_Time_35_Phase_3.1416_Freq_0
3.1416,1.2246e-16,-1,0,36,15,HbO2,Ch_15_Time_36_Phase_3.1416_Freq_0
3.1416,1.2246e-16,-1,0,37,15,HbO2,Ch_15_Time_37_Phase_3.1416_Freq_0
3.1416,1.2246e-16,-1,0,38,15,HbO2,Ch_15_Time_38_Phase_3.1416_Freq_0
3.1416,1.2246e-16,-1,0,39,15,HbO2,Ch_15_Time_39_Phase_3.1416_Freq_0
3.1416,1.2246e-16,-1,0,40,15,HbO2,Ch_15_Time_40_Phase_3.1416_Freq_0
3.1416,1.2246e-16,-1,0,41,15,HbO2,Ch_15_Time_41_Phase_3.1416_Freq_0
3.1416,1.2246e-16,-1,0,42,15,HbO2,Ch_15_Time_42_Phase_3.1416_Freq_0
3.1416,1.2246e-16,-1,0,43,15,HbO2,Ch_15_Time_43_Phase_3.1416_Freq_0
3.1416,1.2246e-16,-1,0,44,15,HbO2,Ch_15_Time_44_Phase_3.1416_Freq_0
3.1416,1.2246e-16,-1,0,45,15,HbO2,Ch_15_Time_45_Phase_3.1416_Freq_0
3.1416,1.2246e-16,-1,0,46,15,HbO2,Ch_15_Time_46_Phase_3.1416_Freq_0
3.1416,1.2246e-16,-1,0,47,15,HbO2,Ch_15_Time_47_Phase_3.1416_Freq_0
3.1416,1.2246e-16,-1,0,48,15,HbO2,Ch_15_Time_48_Phase_3.1416_Freq_0
3.1416,1.2246e-16,-1,0,49,15,HbO2,Ch_15_Time_49_Phase_3.1416_Freq_0
3.1416,1.2246e-16,-1,0,50,15,HbO2,Ch_15_Time_50_Phase_3.1416_Freq_0
3.1416,1.2246e-16,-1,0,51,15,HbO2,Ch_15_Time_51_Phase_3.1416_Freq_0
3.1416,1.2246e-16,-1,0,52,15,HbO2,Ch_15_Time_52_Phase_3.1416_Freq_0
3.1416,1.2246e-16,-1,0,53,15,HbO2,Ch_15_Time_53_Phase_3.1416_Freq_0
3.1416,1.2246e-16,-1,0,54,15,HbO2,Ch_15_Time_54_Phase_3.1416_Freq_0
3.1416,1.2246e-16,-1,0,55,15,HbO2,Ch_15_Time_55_Phase_3.1416_Freq_0
3.1416,1.2246e-16,-1,0,56,15,HbO2,Ch_15_Time_56_Phase_3.1416_Freq_0
3.1416,1.2246e-16,-1,0,57,15,HbO2,Ch_15_Time_57_Phase_3.1416_Freq_0
3.1416,1.2246e-16,-1,0,58,15,HbO2,Ch_15_Time_58_Phase_3.1416_Freq_0
3.1416,1.2246e-16,-1,0,59,15,HbO2,Ch_15_Time_59_Phase_3.1416_Freq_0
3.1416,1.2246e-16,-1,0,60,15,HbO2,Ch_15_Time_60_Phase_3.1416_Freq_0
3.1416,1.2246e-16,-1,0,1,16,HbO2,Ch_16_Time_1_Phase_3.1416_Freq_0
3.1416,1.2246e-16,-1,0,2,16,HbO2,Ch_16_Time_2_Phase_3.1416_Freq_0
3.1416,1.2246e-16,-1,0,3,16,HbO2,Ch_16_Time_3_Phase_3.1416_Freq_0
3.1416,1.2246e-16,-1,0,4,16,HbO2,Ch_16_Time_4_Phase_3.1416_Freq_0
3.1416,1.2246e-16,-1,0,5,16,HbO2,Ch_16_Time_5_Phase_3.1416_Freq_0
3.1416,1.2246e-16,-1,0,6,16,HbO2,Ch_16_Time_6_Phase_3.1416_Freq_0
3.1416,1.2246e-16,-1,0,7,16,HbO2,Ch_16_Time_7_Phase_3.1416_Freq_0
3.1416,1.2246e-16,-1,0,8,16,HbO2,Ch_16_Time_8_Phase_3.1416_Freq_0
3.1416,1.2246e-16,-1,0,9,16,HbO2,Ch_16_Time_9_Phase_3.1416_Freq_0
3.1416,1.2246e-16,-1,0,10,16,HbO2,Ch_16_Time_10_Phase_3.1416_Freq_0
3.1416,1.2246e-16,-1,0,11,16,HbO2,Ch_16_Time_11_Phase_3.1416_Freq_0
3.1416,1.2246e-16,-1,0,12,16,HbO2,Ch_16_Time_12_Phase_3.1416_Freq_0
3.1416,1.2246e-16,-1,0,13,16,HbO2,Ch_16_Time_13_Phase_3.1416_Freq_0
3.1416,1.2246e-16,-1,0,14,16,HbO2,Ch_16_Time_14_Phase_3.1416_Freq_0
3.1416,1.2246e-16,-1,0,15,16,HbO2,Ch_16_Time_15_Phase_3.1416_Freq_0
3.1416,1.2246e-16,-1,0,16,16,HbO2,Ch_16_Time_16_Phase_3.1416_Freq_0
3.1416,1.2246e-16,-1,0,17,16,HbO2,Ch_16_Time_17_Phase_3.1416_Freq_0
3.1416,1.2246e-16,-1,0,18,16,HbO2,Ch_16_Time_18_Phase_3.1416_Freq_0
3.1416,1.2246e-16,-1,0,19,16,HbO2,Ch_16_Time_19_Phase_3.1416_Freq_0
3.1416,1.2246e-16,-1,0,20,16,HbO2,Ch_16_Time_20_Phase_3.1416_Freq_0
3.1416,1.2246e-16,-1,0,21,16,HbO2,Ch_16_Time_21_Phase_3.1416_Freq_0
3.1416,1.2246e-16,-1,0,22,16,HbO2,Ch_16_Time_22_Phase_3.1416_Freq_0
3.1416,1.2246e-16,-1,0,23,16,HbO2,Ch_16_Time_23_Phase_3.1416_Freq_0
3.1416,1.2246e-16,-1,0,24,16,HbO2,Ch_16_Time_24_Phase_3.1416_Freq_0
3.1416,1.2246e-16,-1,0,25,16,HbO2,Ch_16_Time_25_Phase_3.1416_Freq_0
3.1416,1.2246e-16,-1,0,26,16,HbO2,Ch_16_Time_26_Phase_3.1416_Freq_0
3.1416,1.2246e-16,-1,0,27,16,HbO2,Ch_16_Time_27_Phase_3.1416_Freq_0
3.1416,1.2246e-16,-1,0,28,16,HbO2,Ch_16_Time_28_Phase_3.1416_Freq_0
3.1416,1.2246e-16,-1,0,29,16,HbO2,Ch_16_Time_29_Phase_3.1416_Freq_0
3.1416,1.2246e-16,-1,0,30,16,HbO2,Ch_16_Time_30_Phase_3.1416_Freq_0
3.1416,1.2246e-16,-1,0,31,16,HbO2,Ch_16_Time_31_Phase_3.1416_Freq_0
3.1416,1.2246e-16,-1,0,32,16,HbO2,Ch_16_Time_32_Phase_3.1416_Freq_0
3.1416,1.2246e-16,-1,0,33,16,HbO2,Ch_16_Time_33_Phase_3.1416_Freq_0
3.1416,1.2246e-16,-1,0,34,16,HbO2,Ch_16_Time_34_Phase_3.1416_Freq_0
3.1416,1.2246e-16,-1,0,35,16,HbO2,Ch_16_Time_35_Phase_3.1416_Freq_0
3.1416,1.2246e-16,-1,0,36,16,HbO2,Ch_16_Time_36_Phase_3.1416_Freq_0
3.1416,1.2246e-16,-1,0,37,16,HbO2,Ch_16_Time_37_Phase_3.1416_Freq_0
3.1416,1.2246e-16,-1,0,38,16,HbO2,Ch_16_Time_38_Phase_3.1416_Freq_0
3.1416,1.2246e-16,-1,0,39,16,HbO2,Ch_16_Time_39_Phase_3.1416_Freq_0
3.1416,1.2246e-16,-1,0,40,16,HbO2,Ch_16_Time_40_Phase_3.1416_Freq_0
3.1416,1.2246e-16,-1,0,41,16,HbO2,Ch_16_Time_41_Phase_3.1416_Freq_0
3.1416,1.2246e-16,-1,0,42,16,HbO2,Ch_16_Time_42_Phase_3.1416_Freq_0
3.1416,1.2246e-16,-1,0,43,16,HbO2,Ch_16_Time_43_Phase_3.1416_Freq_0
3.1416,1.2246e-16,-1,0,44,16,HbO2,Ch_16_Time_44_Phase_3.1416_Freq_0
3.1416,1.2246e-16,-1,0,45,16,HbO2,Ch_16_Time_45_Phase_3.1416_Freq_0
3.1416,1.2246e-16,-1,0,46,16,HbO2,Ch_16_Time_46_Phase_3.1416_Freq_0
3.1416,1.2246e-16,-1,0,47,16,HbO2,Ch_16_Time_47_Phase_3.1416_Freq_0
3.1416,1.2246e-16,-1,0,48,16,HbO2,Ch_16_Time_48_Phase_3.1416_Freq_0
3.1416,1.2246e-16,-1,0,49,16,HbO2,Ch_16_Time_49_Phase_3.1416_Freq_0
3.1416,1.2246e-16,-1,0,50,16,HbO2,Ch_16_Time_50_Phase_3.1416_Freq_0
3.1416,1.2246e-16,-1,0,51,16,HbO2,Ch_16_Time_51_Phase_3.1416_Freq_0
3.1416,1.2246e-16,-1,0,52,16,HbO2,Ch_16_Time_52_Phase_3.1416_Freq_0
3.1416,1.2246e-16,-1,0,53,16,HbO2,Ch_16_Time_53_Phase_3.1416_Freq_0
3.1416,1.2246e-16,-1,0,54,16,HbO2,Ch_16_Time_54_Phase_3.1416_Freq_0
3.1416,1.2246e-16,-1,0,55,16,HbO2,Ch_16_Time_55_Phase_3.1416_Freq_0
3.1416,1.2246e-16,-1,0,56,16,HbO2,Ch_16_Time_56_Phase_3.1416_Freq_0
3.1416,1.2246e-16,-1,0,57,16,HbO2,Ch_16_Time_57_Phase_3.1416_Freq_0
3.1416,1.2246e-16,-1,0,58,16,HbO2,Ch_16_Time_58_Phase_3.1416_Freq_0
3.1416,1.2246e-16,-1,0,59,16,HbO2,Ch_16_Time_59_Phase_3.1416_Freq_0
3.1416,1.2246e-16,-1,0,60,16,HbO2,Ch_16_Time_60_Phase_3.1416_Freq_0
